-- phpMyAdmin SQL Dump
-- version 4.7.9
-- https://www.phpmyadmin.net/
--
-- Хост: 127.0.0.1
-- Час створення: Лют 18 2019 р., 18:58
-- Версія сервера: 10.1.31-MariaDB
-- Версія PHP: 7.2.3

SET SQL_MODE = "NO_AUTO_VALUE_ON_ZERO";
SET AUTOCOMMIT = 0;
START TRANSACTION;
SET time_zone = "+00:00";


/*!40101 SET @OLD_CHARACTER_SET_CLIENT=@@CHARACTER_SET_CLIENT */;
/*!40101 SET @OLD_CHARACTER_SET_RESULTS=@@CHARACTER_SET_RESULTS */;
/*!40101 SET @OLD_COLLATION_CONNECTION=@@COLLATION_CONNECTION */;
/*!40101 SET NAMES utf8mb4 */;

--
-- База даних: `candlestudio`
--
CREATE DATABASE IF NOT EXISTS `id8709088_candleconstructor` DEFAULT CHARACTER SET latin1 COLLATE latin1_swedish_ci;
USE `id8709088_candleconstructor`;
-- --------------------------------------------------------

--
-- Структура таблиці `decor`
--

CREATE TABLE `decor` (
  `id` int(11) NOT NULL,
  `name` varchar(255) NOT NULL,
  `image` varchar(255) NOT NULL,
  `label` varchar(255) NOT NULL
) ENGINE=InnoDB DEFAULT CHARSET=utf8;

--
-- Дамп даних таблиці `decor`
--

INSERT INTO `decor` (`id`, `name`, `image`, `label`) VALUES
(32, '', 'dec1.png', ''),
(33, '', 'dec2.png', ''),
(34, '', 'dec3.png', ''),
(35, '', 'dec4.png', ''),
(36, '', 'dec5.png', ''),
(37, '', 'dec6.png', ''),
(38, '', 'dec7.png', ''),
(39, '', 'dec8.png', ''),
(40, '', 'dec9.png', ''),
(41, '', 'dec10.png', ''),
(42, '', 'dec11.png', ''),
(43, '', 'dec12.png', ''),
(44, '', 'dec13.png', ''),
(45, '', 'dec14.png', ''),
(46, '', 'dec15.png', ''),
(47, '', 'dec16.png', ''),
(48, '', 'dec17.png', ''),
(49, '', 'dec18.png', ''),
(50, '', 'dec19.png', ''),
(51, '', 'dec20.png', ''),
(52, '', 'dec21.png', ''),
(53, '', 'dec22.png', ''),
(54, '', 'dec23.png', ''),
(55, '', 'dec24.png', ''),
(56, '', 'dec25.png', ''),
(57, '', 'dec26.png', ''),
(58, '', 'dec27.png', ''),
(59, '', 'dec28.png', ''),
(60, '', 'dec29.png', ''),
(61, '', 'dec30.png', ''),
(62, '', 'dec31.png', ''),
(63, '', 'dec32.png', ''),
(64, '', 'dec33.png', ''),
(65, '', 'dec34.png', ''),
(66, '', 'dec35.png', ''),
(67, '', 'dec36.png', ''),
(68, '', 'dec37.png', ''),
(69, '', 'dec38.png', ''),
(70, '', 'dec39.png', ''),
(71, '', 'dec40.png', ''),
(72, '', 'dec41.png', ''),
(73, '', 'dec42.png', ''),
(74, '', 'dec43.png', ''),
(75, '', 'dec44.png', ''),
(76, '', 'dec45.png', ''),
(77, '', 'dec46.png', ''),
(78, '', 'dec47.png', ''),
(79, '', 'dec48.png', ''),
(80, '', 'dec49.png', ''),
(81, '', 'dec50.png', ''),
(82, '', 'dec51.png', ''),
(83, '', 'dec52.png', ''),
(84, '', 'dec53.png', ''),
(85, '', 'dec54.png', ''),
(86, '', 'dec55.png', ''),
(87, '', 'dec56.png', ''),
(88, '', 'dec57.png', ''),
(89, '', 'dec58.png', ''),
(90, '', 'dec59.png', ''),
(91, '', 'dec60.png', ''),
(92, '', 'dec61.png', ''),
(93, '', 'dec62.png', ''),
(94, '', 'dec63.png', ''),
(95, '', 'dec64.png', ''),
(96, '', 'dec65.png', ''),
(97, '', 'dec66.png', ''),
(98, '', 'dec67.png', ''),
(99, '', 'dec68.png', ''),
(100, '', 'dec69.png', ''),
(101, '', 'dec70.png', ''),
(102, '', 'dec71.png', ''),
(103, '', 'dec72.png', ''),
(104, '', 'dec73.png', ''),
(105, '', 'dec74.png', ''),
(106, '', 'dec75.png', ''),
(107, '', 'dec76.png', ''),
(108, '', 'dec77.png', ''),
(109, '', 'dec78.png', ''),
(110, '', 'dec79.png', ''),
(111, '', 'dec80.png', ''),
(112, '', 'dec81.png', ''),
(113, '', 'dec82.png', ''),
(114, '', 'dec83.png', ''),
(115, '', 'dec84.png', ''),
(116, '', 'dec85.png', ''),
(117, '', 'dec86.png', ''),
(118, '', 'dec87.png', ''),
(119, '', 'dec88.png', ''),
(120, '', 'dec89.png', ''),
(121, '', 'dec90.png', ''),
(122, '', 'dec91.png', ''),
(123, '', 'dec92.png', ''),
(124, '', 'dec93.png', ''),
(125, '', 'dec94.png', ''),
(126, '', 'dec95.png', ''),
(127, '', 'dec96.png', ''),
(128, '', 'dec97.png', ''),
(129, '', 'dec98.png', ''),
(130, '', 'dec99.png', ''),
(131, '', 'dec100.png', ''),
(132, '', 'dec101.png', ''),
(133, '', 'dec102.png', ''),
(134, '', 'dec103.png', ''),
(135, '', 'dec104.png', ''),
(136, '', 'dec105.png', ''),
(137, '', 'dec106.png', ''),
(138, '', 'dec107.png', ''),
(139, '', 'dec108.png', ''),
(140, '', 'dec109.png', ''),
(141, '', 'dec110.png', ''),
(142, '', 'dec111.png', ''),
(143, '', 'dec112.png', ''),
(144, '', 'dec113.png', ''),
(145, '', 'dec114.png', ''),
(146, '', 'dec115.png', ''),
(147, '', 'dec116.png', ''),
(148, '', 'dec117.png', ''),
(149, '', 'dec118.png', ''),
(150, '', 'dec119.png', ''),
(151, '', 'dec120.png', ''),
(152, '', 'dec121.png', ''),
(153, '', 'dec122.png', ''),
(154, '', 'dec123.png', ''),
(155, '', 'dec124.png', ''),
(156, '', 'dec125.png', ''),
(157, '', 'dec126.png', ''),
(158, '', 'dec127.png', ''),
(159, '', 'dec128.png', ''),
(160, '', 'dec129.png', ''),
(161, '', 'dec130.png', ''),
(162, '', 'dec131.png', ''),
(163, '', 'dec132.png', ''),
(164, '', 'dec133.png', ''),
(165, '', 'dec134.png', ''),
(166, '', 'dec135.png', ''),
(167, '', 'dec136.png', ''),
(168, '', 'dec137.png', ''),
(169, '', 'dec138.png', ''),
(170, '', 'dec139.png', ''),
(171, '', 'dec140.png', ''),
(172, '', 'dec141.png', ''),
(173, '', 'dec142.png', ''),
(174, '', 'dec143.png', ''),
(175, '', 'dec144.png', ''),
(176, '', 'dec145.png', ''),
(177, '', 'dec146.png', ''),
(178, '', 'dec147.png', ''),
(179, '', 'dec148.png', ''),
(180, '', 'dec149.png', ''),
(181, '', 'dec150.png', ''),
(182, '', 'dec151.png', ''),
(183, '', 'dec152.png', ''),
(184, '', 'dec153.png', ''),
(185, '', 'dec154.png', ''),
(186, '', 'dec155.png', ''),
(187, '', 'dec156.png', ''),
(188, '', 'dec157.png', ''),
(189, '', 'dec158.png', ''),
(190, '', 'dec159.png', ''),
(191, '', 'dec160.png', ''),
(192, '', 'dec161.png', ''),
(193, '', 'dec162.png', ''),
(194, '', 'dec163.png', ''),
(195, '', 'dec164.png', ''),
(196, '', 'dec165.png', ''),
(197, '', 'dec166.png', ''),
(198, '', 'dec167.png', ''),
(199, '', 'dec168.png', ''),
(200, '', 'dec169.png', ''),
(201, '', 'dec170.png', ''),
(202, '', 'dec171.png', ''),
(203, '', 'dec172.png', ''),
(204, '', 'dec173.png', ''),
(205, '', 'dec174.png', ''),
(206, '', 'dec175.png', ''),
(207, '', 'dec176.png', ''),
(208, '', 'dec177.png', ''),
(209, '', 'dec178.png', ''),
(210, '', 'dec179.png', ''),
(211, '', 'dec180.png', ''),
(212, '', 'dec181.png', ''),
(213, '', 'dec182.png', ''),
(214, '', 'dec183.png', ''),
(215, '', 'dec184.png', ''),
(216, '', 'dec185.png', ''),
(217, '', 'dec186.png', ''),
(218, '', 'dec187.png', ''),
(219, '', 'dec188.png', ''),
(220, '', 'dec189.png', ''),
(221, '', 'dec190.png', ''),
(222, '', 'dec191.png', ''),
(223, '', 'dec192.png', ''),
(224, '', 'dec193.png', ''),
(225, '', 'dec194.png', ''),
(226, '', 'dec195.png', ''),
(227, '', 'dec196.png', ''),
(228, '', 'dec197.png', ''),
(229, '', 'dec198.png', ''),
(230, '', 'dec199.png', ''),
(231, '', 'dec200.png', ''),
(232, '', 'dec201.png', ''),
(233, '', 'dec202.png', ''),
(234, '', 'dec203.png', ''),
(235, '', 'dec204.png', ''),
(236, '', 'dec205.png', ''),
(237, '', 'dec206.png', ''),
(238, '', 'dec207.png', ''),
(239, '', 'dec208.png', ''),
(240, '', 'dec209.png', ''),
(241, '', 'dec210.png', ''),
(242, '', 'dec211.png', ''),
(243, '', 'dec212.png', ''),
(244, '', 'dec213.png', ''),
(245, '', 'dec214.png', '');

-- --------------------------------------------------------

--
-- Структура таблиці `order_item`
--

CREATE TABLE `order_item` (
  `id` int(11) NOT NULL,
  `id_product` int(11) NOT NULL,
  `code` varchar(255) NOT NULL,
  `photo` varchar(255) NOT NULL,
  `name` varchar(255) NOT NULL,
  `count` int(11) NOT NULL,
  `price` float NOT NULL,
  `total_price` float NOT NULL
) ENGINE=InnoDB DEFAULT CHARSET=utf8;

--
-- Дамп даних таблиці `order_item`
--

INSERT INTO `order_item` (`id`, `id_product`, `code`, `photo`, `name`, `count`, `price`, `total_price`) VALUES
(1, 0, 'У1', 'У1.jpg', 'Свічка перша тестова введена вручну', 0, 295, 0),
(2, 0, 'У1', 'У1.jpg', 'Свічка друга тестова введена вручну', 0, 295, 295),
(3, 0, 'У2', 'У1.jpg', 'Свічка друга тестова введена вручну', 0, 295, 295),
(4, 0, '', 'У1.jpg', 'Свічка друга тестова введена вручну', 0, 295, 295),
(5, 0, '', 'У1.jpg', 'Свічка друга тестова введена вручну', 0, 295, 295),
(6, 0, '', 'У1.jpg', 'Свічка друга тестова введена вручну', 0, 295, 295),
(7, 0, '', 'У1.jpg', 'Свічка друга тестова введена вручну', 0, 295, 295),
(8, 0, 'У2', 'У1.jpg', 'Свічка друга тестова введена вручну', 0, 295, 295),
(9, 0, 'У18', 'У18.jpg', 'Різьблена рожева свічка', 0, 160, 160),
(10, 0, 'У3', 'У3.jpg', 'Різьблена свічка з худим верхом', 0, 200, 200),
(11, 0, 'У2', 'У2.jpg', 'Свічка зелена восьмигранна', 0, 295, 295),
(12, 0, 'У7', 'У7.jpg', 'Художня свічка, темно-фіолетового кольору', 2, 200, 400),
(13, 61, 'У22', 'У22.jpg', 'Різьблена свічка ручної роботи', 2, 160, 320),
(14, 111, 'У75', 'У75.jpg', 'Біло-червона різьблена свічка міні', 2, 90, 180),
(15, 52, 'У10', 'У10.jpg', 'Різдвяна свічка, зеленого кольору', 2, 160, 320),
(16, 45, 'У3', 'У3.jpg', 'Різьблена свічка з худим верхом', 2, 200, 400),
(17, 43, 'У1', 'У1.jpg', 'Весільна різьблена свічка ручної роботи', 2, 295, 590),
(18, 48, 'У6', 'У6.jpg', 'Кругла свічка у формі кулі', 2, 130, 260),
(19, 44, 'У2', 'У2.jpg', 'Свічка зелена восьмигранна', 2, 295, 590),
(20, 53, 'У11', 'У11.jpg', 'Художня свічка, вогняно-темного кольору', 2, 300, 600),
(21, 44, 'У2', 'У2.jpg', 'Свічка зелена восьмигранна', 1, 295, 295),
(22, 49, 'У7', 'У7.jpg', 'Художня свічка, темно-фіолетового кольору', 2, 200, 200),
(23, 43, 'У1', 'У1.jpg', 'Весільна різьблена свічка ручної роботи', 1, 295, 295),
(24, 44, 'У2', 'У2.jpg', 'Свічка зелена восьмигранна', 1, 295, 295),
(25, 227, 'Ф11', 'Ф11.jpg', 'Синій куб з різдвяним малюнком', 1, 100, 100),
(26, 234, 'Ф17', 'Ф17.jpg', 'Червоний конус з різдвяною тематикою', 1, 120, 120),
(27, 205, 'У201', 'У201.jpg', 'Синьо-червона різьблена свічка', 1, 115, 115),
(28, 230, 'Ф15', 'Ф15.jpg', 'Синя куля з різдвяним малюнком', 1, 120, 120),
(29, 234, 'Ф17', 'Ф17.jpg', 'Червоний конус з різдвяною тематикою', 1, 120, 120);

-- --------------------------------------------------------

--
-- Структура таблиці `products`
--

CREATE TABLE `products` (
  `id` int(10) UNSIGNED NOT NULL,
  `name` varchar(256) DEFAULT NULL,
  `seo_title` varchar(1024) DEFAULT NULL,
  `seo_keywords` varchar(1024) DEFAULT NULL,
  `seo_description` varchar(2048) DEFAULT NULL,
  `code` varchar(16) DEFAULT NULL,
  `price` decimal(10,2) NOT NULL DEFAULT '0.00',
  `description` text,
  `available` tinyint(1) NOT NULL DEFAULT '0',
  `photo` varchar(1024) DEFAULT NULL,
  `index` int(11) DEFAULT NULL,
  `label` varchar(255) NOT NULL,
  `form` varchar(255) NOT NULL
) ENGINE=InnoDB DEFAULT CHARSET=utf8;

--
-- Дамп даних таблиці `products`
--

INSERT INTO `products` (`id`, `name`, `seo_title`, `seo_keywords`, `seo_description`, `code`, `price`, `description`, `available`, `photo`, `index`, `label`, `form`) VALUES
(1, 'Комплект коричневих свічок', 'Комплект коричневих свічок', 'різьблена свічка ручної роботи К2, свічка Львів, свічка Самбір, свічка Дрогобич, свічка Добромиль, свічка Тручкавець', 'Різьблена свічка К2, виготовлена вручну з високоякісного харчового парафіну П-2 у студії Марії Герасимлюк. Червоний, зелений, жовтий, білий, фіолетовий, рожевий, синій, коричневий та інші кольори', 'К2', '550.00', 'Свічки з комплекту окремо:\r\n1) Свічка висотою 25см(ліва) - 430грн.\r\n2) Свічка висотою 16см(права) - 120грн.\r\n- Обидві свічки виконані в одинакових тонах - коричневий і білий колір\r\n- Матеріали: харчовий парафін П-2, стеарин, свічковий лак, намистини; \r\nМожливі інші кольори під замовлення', 1, '1.jpg', 1, '', ''),
(2, 'Свічка червона', 'Свічка червона', 'різьблена свічка ручної роботи У131, свічка Львів, свічка Самбір, свічка Дрогобич, свічка Добромиль, свічка Тручкавець', 'Різьблена свічка У131, виготовлена вручну з високоякісного харчового парафіну П-2 у студії Марії Герасимлюк. Червоний, зелений, жовтий, білий, фіолетовий, рожевий, синій, коричневий та інші кольори', 'У131', '90.00', 'Опис:\r\n- кольори: червоний, білий;\r\n- висота: 10 см;\r\n- Матеріали: харчовий парафін П-2, стеарин, свічковий лак; \r\nМожливі інші кольори під замовлення', 1, '2.jpg', 2, '', ''),
(8, 'Пасхальна свічка-яйце, зелено-жовтого кольору', 'Пасхальна свічка-яйце, зелено-жовтого кольору', 'різьблена свічка ручної роботи ХВ1, свічка Львів, свічка Самбір, свічка Дрогобич, свічка Добромиль, свічка Тручкавець', 'Різьблена свічка ХВ1, виготовлена вручну з високоякісного харчового парафіну П-2 у студії Марії Герасимлюк. Червоний, зелений, жовтий, білий, фіолетовий, рожевий, синій, коричневий та інші кольори', 'ХВ1', '90.00', 'Опис:\r\n- висота: 9 см;\r\n- кольори: зелений, жовтий, рожевий;\r\n- Матеріали: харчовий парафін П-2, стеарин, свічковий лак, намистини. \r\nМожливі інші кольори під замовлення', 1, '8.jpg', 8, '', ''),
(9, 'Великоднє яйце-свічка, у рожевих тонах', 'Великоднє яйце-свічка, у рожевих тонах', 'різьблена свічка ручної роботи ХВ7, свічка Львів, свічка Самбір, свічка Дрогобич, свічка Добромиль, свічка Тручкавець', 'Різьблена свічка ХВ7, виготовлена вручну з високоякісного харчового парафіну П-2 у студії Марії Герасимлюк. Червоний, зелений, жовтий, білий, фіолетовий, рожевий, синій, коричневий та інші кольори', 'ХВ7', '90.00', 'Опис:\r\n- кольори: рожевий, світло-рожевий;\r\n- висота: 9 см;\r\n- матеріали: харчовий парафін П-2, стеарин, свічковий лак; \r\nМожливі інші кольори під замовлення', 1, '9.jpg', 9, '', ''),
(10, 'Великодня свічка, біло-червоного кольору', 'Великодня свічка, біло-червоного кольору', 'різьблена свічка ручної роботи ХВ12, свічка Львів, свічка Самбір, свічка Дрогобич, свічка Добромиль, свічка Тручкавець', 'Різьблена свічка ХВ12, виготовлена вручну з високоякісного харчового парафіну П-2 у студії Марії Герасимлюк. Червоний, зелений, жовтий, білий, фіолетовий, рожевий, синій, коричневий та інші кольори', 'ХВ12', '90.00', 'Опис:\r\n- кольори: білий, червоний;\r\n- висота: 9 см;\r\n- Матеріали: харчовий парафін П-2, стеарин, свічковий лак, намистини.\r\nМожливі інші кольори під замовлення', 1, '10.jpg', 10, '', ''),
(11, 'Пасхальне яйце-свічка, оранжево-синя', 'Пасхальне яйце-свічка, оранжево-синя', 'різьблена свічка ручної роботи ХВ9, свічка Львів, свічка Самбір, свічка Дрогобич, свічка Добромиль, свічка Тручкавець', 'Різьблена свічка ХВ9, виготовлена вручну з високоякісного харчового парафіну П-2 у студії Марії Герасимлюк. Червоний, зелений, жовтий, білий, фіолетовий, рожевий, синій, коричневий та інші кольори', 'ХВ9', '90.00', 'Опис:\r\n- кольори: оранжевий, світло-рожевий, блакитний;\r\n- висота: 9 см;\r\n- Матеріали: харчовий парафін П-2, стеарин, свічковий лак, намистини.\r\nМожливі інші кольори під замовлення', 1, '11.jpg', 11, '', ''),
(12, 'Пасхальне яйце-свічка, у червоних відтінках', 'Пасхальне яйце-свічка, у червоних відтінках', 'різьблена свічка ручної роботи ХВ8, свічка Львів, свічка Самбір, свічка Дрогобич, свічка Добромиль, свічка Тручкавець', 'Різьблена свічка ХВ8, виготовлена вручну з високоякісного харчового парафіну П-2 у студії Марії Герасимлюк. Червоний, зелений, жовтий, білий, фіолетовий, рожевий, синій, коричневий та інші кольори', 'ХВ8', '90.00', 'Опис:\r\n- кольори: темно-червоний, червоний, світло-оранжевий;\r\n- висота: 9 см;\r\n- Матеріали: харчовий парафін П-2, стеарин, свічковий лак,намистини. \r\nМожливі інші кольори під замовлення', 1, '12.jpg', 12, '', ''),
(13, 'Великоднє яйце-свічка, синьо-оранжева', 'Великоднє яйце-свічка, синьо-оранжева', 'різьблена свічка ручної роботи ХВ10, свічка Львів, свічка Самбір, свічка Дрогобич, свічка Добромиль, свічка Тручкавець', 'Різьблена свічка ХВ10, виготовлена вручну з високоякісного харчового парафіну П-2 у студії Марії Герасимлюк. Червоний, зелений, жовтий, білий, фіолетовий, рожевий, синій, коричневий та інші кольори', 'ХВ10', '90.00', 'Опис:\r\n- кольори: синій, оранжевий, білий;\r\n- висота: 9 см;\r\n- Матеріали: харчовий парафін П-2, стеарин, свічковий лак, намистини. \r\nМожливі інші кольори під замовлення', 1, '13.jpg', 13, '', ''),
(15, 'Пасхальне яйце-свічка, у червоних тонах', 'Пасхальне яйце-свічка, у червоних тонах', 'різьблена свічка ручної роботи ХВ2, свічка Львів, свічка Самбір, свічка Дрогобич, свічка Добромиль, свічка Тручкавець', 'Різьблена свічка ХВ2, виготовлена вручну з високоякісного харчового парафіну П-2 у студії Марії Герасимлюк. Червоний, зелений, жовтий, білий, фіолетовий, рожевий, синій, коричневий та інші кольори', 'ХВ2', '90.00', 'Опис:\r\n- кольори: темно-червоний, червоний, білий;\r\n- висота: 9 см;\r\n- Матеріали: харчовий парафін П-2, стеарин, свічковий лак, намистини; \r\nМожливі інші кольори під замовлення', 1, '15.jpg', 15, '', ''),
(16, 'Великодня свічка, жовтого кольору', 'Великодня свічка, жовтого кольору', 'різьблена свічка ручної роботи ХВ15, свічка Львів, свічка Самбір, свічка Дрогобич, свічка Добромиль, свічка Тручкавець', 'Різьблена свічка ХВ15, виготовлена вручну з високоякісного харчового парафіну П-2 у студії Марії Герасимлюк. Червоний, зелений, жовтий, білий, фіолетовий, рожевий, синій, коричневий та інші кольори', 'ХВ15', '50.00', 'Опис:\r\n- кольори: жовтий;\r\n- висота: 6,5 см;\r\n- Матеріали: харчовий парафін П-2, стеарин, свічковий лак.\r\nМожливі інші кольори під замовлення', 1, '16.jpg', 16, '', ''),
(18, 'Великодня свічка-яйце, в рожевих відтінках', 'Великодня свічка-яйце, в рожевих відтінках', 'різьблена свічка ручної роботи ХВ11, свічка Львів, свічка Самбір, свічка Дрогобич, свічка Добромиль, свічка Тручкавець', 'Різьблена свічка ХВ11, виготовлена вручну з високоякісного харчового парафіну П-2 у студії Марії Герасимлюк. Червоний, зелений, жовтий, білий, фіолетовий, рожевий, синій, коричневий та інші кольори', 'ХВ11', '90.00', 'Опис:\r\n- кольори: рожевий, білий;\r\n- висота: 9 см;\r\n- Матеріали: харчовий парафін П-2, стеарин, свічковий лак, намистини.\r\nМожливі інші кольори під замовлення', 1, '18.jpg', 18, '', ''),
(19, 'Великодня свічка, світло-рожевого кольору', 'Великодня свічка, світло-рожевого кольору', 'різьблена свічка ручної роботи ХВ13, свічка Львів, свічка Самбір, свічка Дрогобич, свічка Добромиль, свічка Тручкавець', 'Різьблена свічка ХВ13, виготовлена вручну з високоякісного харчового парафіну П-2 у студії Марії Герасимлюк. Червоний, зелений, жовтий, білий, фіолетовий, рожевий, синій, коричневий та інші кольори', 'ХВ13', '50.00', 'Опис:\r\n- кольори: світло-рожевий, зелений;\r\n- висота: 6,5 см;\r\n- Матеріали: харчовий парафін П-2, стеарин, свічковий лак, намистини.\r\nМожливі інші кольори під замовлення', 1, '19.jpg', 19, '', ''),
(20, 'Великодня свічка-яйце, вишнево-білого кольору', 'Великодня свічка-яйце, вишнево-білого кольору', 'різьблена свічка ручної роботи ХВ4, свічка Львів, свічка Самбір, свічка Дрогобич, свічка Добромиль, свічка Тручкавець', 'Різьблена свічка ХВ4, виготовлена вручну з високоякісного харчового парафіну П-2 у студії Марії Герасимлюк. Червоний, зелений, жовтий, білий, фіолетовий, рожевий, синій, коричневий та інші кольори', 'ХВ4', '90.00', 'Опис:\r\n- кольори: вишневий, білий;\r\n- висота: 9 см;\r\n- Матеріали: харчовий парафін П-2, стеарин, свічковий лак, намистини.\r\nМожливі інші кольори під замовлення', 1, '20.jpg', 20, '', ''),
(22, 'Великодня свічка-яйце, синьо-зеленого кольору', 'Великодня свічка-яйце, синьо-зеленого кольору', 'різьблена свічка ручної роботи ХВ27, свічка Львів, свічка Самбір, свічка Дрогобич, свічка Добромиль, свічка Тручкавець', 'Різьблена свічка ХВ27, виготовлена вручну з високоякісного харчового парафіну П-2 у студії Марії Герасимлюк. Червоний, зелений, жовтий, білий, фіолетовий, рожевий, синій, коричневий та інші кольори', 'ХВ27', '90.00', 'Опис:\r\n- кольори: синьо-зелений, жовтий;\r\n- висота: 9 см;\r\n- Матеріали: харчовий парафін П-2, стеарин, свічковий лак, намистини.\r\nМожливі інші кольори під замовлення', 1, '22.jpg', 22, '', ''),
(23, 'Великодня свічка, зелено-білого кольору', 'Великодня свічка, зелено-білого кольору', 'різьблена свічка ручної роботи ХВ28, свічка Львів, свічка Самбір, свічка Дрогобич, свічка Добромиль, свічка Тручкавець', 'Різьблена свічка ХВ28, виготовлена вручну з високоякісного харчового парафіну П-2 у студії Марії Герасимлюк. Червоний, зелений, жовтий, білий, фіолетовий, рожевий, синій, коричневий та інші кольори', 'ХВ28', '50.00', 'Опис:\r\n- кольори: зелений, білий;\r\n- висота: 6,5 см;\r\n- Матеріали: харчовий парафін П-2, стеарин, свічковий лак, намистини.\r\nМожливі інші кольори під замовлення', 1, '23.jpg', 23, '', ''),
(24, 'Великодня свічка-яйце, рожево-фіолетового кольору', 'Великодня свічка-яйце, рожево-фіолетового кольору', 'різьблена свічка ручної роботи ХВ16, свічка Львів, свічка Самбір, свічка Дрогобич, свічка Добромиль, свічка Тручкавець', 'Різьблена свічка ХВ16, виготовлена вручну з високоякісного харчового парафіну П-2 у студії Марії Герасимлюк. Червоний, зелений, жовтий, білий, фіолетовий, рожевий, синій, коричневий та інші кольори', 'ХВ16', '90.00', 'Опис:\r\n- кольори: рожевий, фіолетовий;\r\n- висота: 9 см;\r\n- Матеріали: харчовий парафін П-2, стеарин, свічковий лак, намистини.\r\nМожливі інші кольори під замовлення', 1, '24.jpg', 24, '', ''),
(25, 'Великодня свічка-яйце, жовтого кольору', 'Великодня свічка-яйце, жовтого кольору', 'різьблена свічка ручної роботи ХВ18, свічка Львів, свічка Самбір, свічка Дрогобич, свічка Добромиль, свічка Тручкавець', 'Різьблена свічка ХВ18, виготовлена вручну з високоякісного харчового парафіну П-2 у студії Марії Герасимлюк. Червоний, зелений, жовтий, білий, фіолетовий, рожевий, синій, коричневий та інші кольори', 'ХВ18', '90.00', 'Опис:\r\n- кольори: жовтий, світло-жовтий;\r\n- висота: 9 см;\r\n- Матеріали: харчовий парафін П-2, стеарин, свічковий лак, намистини.\r\nМожливі інші кольори під замовлення', 1, '25.jpg', 25, '', ''),
(26, 'Великодня свічка-яйце, синьо-жовтого кольору', 'Великодня свічка-яйце, синьо-жовтого кольору', 'різьблена свічка ручної роботи ХВ22, свічка Львів, свічка Самбір, свічка Дрогобич, свічка Добромиль, свічка Тручкавець', 'Різьблена свічка ХВ22, виготовлена вручну з високоякісного харчового парафіну П-2 у студії Марії Герасимлюк. Червоний, зелений, жовтий, білий, фіолетовий, рожевий, синій, коричневий та інші кольори', 'ХВ22', '90.00', 'Опис:\r\n- кольори: синій, жовтий;\r\n- висота: 9 см;\r\n- Матеріали: харчовий парафін П-2, стеарин, свічковий лак, намистини.\r\nМожливі інші кольори під замовлення', 1, '26.jpg', 26, '', ''),
(27, 'Великодня свічка-яйце, зелено-рожева', 'Великодня свічка-яйце, зелено-рожева', 'різьблена свічка ручної роботи ХВ26, свічка Львів, свічка Самбір, свічка Дрогобич, свічка Добромиль, свічка Тручкавець', 'Різьблена свічка ХВ26, виготовлена вручну з високоякісного харчового парафіну П-2 у студії Марії Герасимлюк. Червоний, зелений, жовтий, білий, фіолетовий, рожевий, синій, коричневий та інші кольори', 'ХВ26', '90.00', 'Опис:\r\n- кольори: зелений, рожевий;\r\n- висота: 9 см;\r\n- Матеріали: харчовий парафін П-2, стеарин, свічковий лак, намистини.\r\nМожливі інші кольори під замовлення', 1, '27.jpg', 27, '', ''),
(30, 'Великодня свічка, рожева', 'Великодня свічка, рожева', 'різьблена свічка ручної роботи ХВ17, свічка Львів, свічка Самбір, свічка Дрогобич, свічка Добромиль, свічка Тручкавець', 'Різьблена свічка ХВ17, виготовлена вручну з високоякісного харчового парафіну П-2 у студії Марії Герасимлюк. Червоний, зелений, жовтий, білий, фіолетовий, рожевий, синій, коричневий та інші кольори', 'ХВ17', '50.00', 'Опис:\r\n- кольори: рожевий;\r\n- висота: 6,5 см;\r\n- Матеріали: харчовий парафін П-2, стеарин, свічковий лак, намистини.\r\nМожливі інші кольори під замовлення', 1, '30.jpg', 30, '', ''),
(31, 'Пасхальне яйце-свічка, червоно-біла', 'Пасхальне яйце-свічка, червоно-біла', 'різьблена свічка ручної роботи ХВ33, свічка Львів, свічка Самбір, свічка Дрогобич, свічка Добромиль, свічка Тручкавець', 'Різьблена свічка ХВ33, виготовлена вручну з високоякісного харчового парафіну П-2 у студії Марії Герасимлюк. Червоний, зелений, жовтий, білий, фіолетовий, рожевий, синій, коричневий та інші кольори', 'ХВ33', '90.00', 'Опис:\r\n- кольори: червоний, світло-оранжевий, білий;\r\n- висота: 9 см;\r\n- Матеріали: харчовий парафін П-2, стеарин, свічковий лак,намистини. \r\nМожливі інші кольори під замовлення', 1, '31.jpg', 31, '', ''),
(35, 'Великодня свічка-яйце, зелено-жовта', 'Великодня свічка-яйце, зелено-жовта', 'різьблена свічка ручної роботи ХВ24, свічка Львів, свічка Самбір, свічка Дрогобич, свічка Добромиль, свічка Тручкавець', 'Різьблена свічка ХВ24, виготовлена вручну з високоякісного харчового парафіну П-2 у студії Марії Герасимлюк. Червоний, зелений, жовтий, білий, фіолетовий, рожевий, синій, коричневий та інші кольори', 'ХВ24', '90.00', 'Опис:\r\n- кольори: зелений, жовтий, білий;\r\n- висота: 6,5 см;\r\n- Матеріали: харчовий парафін П-2, стеарин, свічковий лак, намистини.\r\nМожливі інші кольори під замовлення', 1, '35.jpg', 35, '', ''),
(36, 'Великодня свічка-яйце', 'Великодня свічка-яйце', 'різьблена свічка ручної роботи ХВ21, свічка Львів, свічка Самбір, свічка Дрогобич, свічка Добромиль, свічка Тручкавець', 'Різьблена свічка ХВ21, виготовлена вручну з високоякісного харчового парафіну П-2 у студії Марії Герасимлюк. Червоний, зелений, жовтий, білий, фіолетовий, рожевий, синій, коричневий та інші кольори', 'ХВ21', '90.00', 'Опис:\r\n- кольори: жовтий, синій, рожевий;\r\n- висота: 9 см;\r\n- Матеріали: харчовий парафін П-2, стеарин, свічковий лак, намистини.\r\nМожливі інші кольори під замовлення', 1, '36.jpg', 36, '', ''),
(38, 'Великодня свічка, у рожевих тонах', 'Великодня свічка, у рожевих тонах', 'різьблена свічка ручної роботи ХВ25, свічка Львів, свічка Самбір, свічка Дрогобич, свічка Добромиль, свічка Тручкавець', 'Різьблена свічка ХВ25, виготовлена вручну з високоякісного харчового парафіну П-2 у студії Марії Герасимлюк. Червоний, зелений, жовтий, білий, фіолетовий, рожевий, синій, коричневий та інші кольори', 'ХВ25', '50.00', 'Опис:\r\n- кольори: рожевий, світло-рожевий;\r\n- висота: 6,5 см;\r\n- Матеріали: харчовий парафін П-2, стеарин, свічковий лак, намистини.\r\nМожливі інші кольори під замовлення', 1, '38.jpg', 38, '', ''),
(39, 'Великодня свічка, червоно-біла', 'Великодня свічка, червоно-біла', 'різьблена свічка ручної роботи ХВ29, свічка Львів, свічка Самбір, свічка Дрогобич, свічка Добромиль, свічка Тручкавець', 'Різьблена свічка ХВ29, виготовлена вручну з високоякісного харчового парафіну П-2 у студії Марії Герасимлюк. Червоний, зелений, жовтий, білий, фіолетовий, рожевий, синій, коричневий та інші кольори', 'ХВ29', '50.00', 'Опис:\r\n- кольори: червоний, білий;\r\n- висота: 6,5 см;\r\n- Матеріали: харчовий парафін П-2, стеарин, свічковий лак, намистини.\r\nМожливі інші кольори під замовлення', 1, '39.jpg', 39, '', ''),
(40, 'Великодня свічка-яйце, синьо-жовта', 'Великодня свічка-яйце, синьо-жовта', 'різьблена свічка ручної роботи ХВ6, свічка Львів, свічка Самбір, свічка Дрогобич, свічка Добромиль, свічка Тручкавець', 'Різьблена свічка ХВ6, виготовлена вручну з високоякісного харчового парафіну П-2 у студії Марії Герасимлюк. Червоний, зелений, жовтий, білий, фіолетовий, рожевий, синій, коричневий та інші кольори', 'ХВ6', '90.00', 'Опис:\r\n- кольори: синій, жовтий білий;\r\n- висота: 9 см;\r\n- Матеріали: харчовий парафін П-2, стеарин, свічковий лак, намистини.\r\nМожливі інші кольори під замовлення', 1, '40.jpg', 40, '', ''),
(41, 'Великодня свічка, червоно-оранжева', 'Великодня свічка, червоно-оранжева', 'різьблена свічка ручної роботи ХВ32, свічка Львів, свічка Самбір, свічка Дрогобич, свічка Добромиль, свічка Тручкавець', 'Різьблена свічка ХВ32, виготовлена вручну з високоякісного харчового парафіну П-2 у студії Марії Герасимлюк. Червоний, зелений, жовтий, білий, фіолетовий, рожевий, синій, коричневий та інші кольори', 'ХВ32', '50.00', 'Опис:\r\n- кольори: червоний, світло-оранжевий;\r\n- висота: 6,5 см;\r\n- Матеріали: харчовий парафін П-2, стеарин, свічковий лак, намистини.\r\nМожливі інші кольори під замовлення', 1, '41.jpg', 41, '', ''),
(43, 'Весільна різьблена свічка ручної роботи', 'Весільна різьблена свічка ручної роботи', 'різьблена свічка ручної роботи У1, свічка Львів, свічка Самбір, свічка Дрогобич, свічка Добромиль, свічка Тручкавець', 'Різьблена свічка У1, виготовлена вручну з високоякісного харчового парафіну П-2 у студії Марії Герасимлюк. Червоний, зелений, жовтий, білий, фіолетовий, рожевий, синій, коричневий та інші кольори', 'У1', '295.00', 'Опис:\r\n- кольори: червоний, білий;\r\n- висота: 21 см;\r\n- Матеріали: харчовий парафін П-2, стеарин, свічковий лак; \r\n- Оригінальна коробка (ціна коробки входить у вартість замовлення)\r\nМожливі інші кольори під замовлення', 1, 'У1.jpg', 43, 'red', 'polyhedron'),
(44, 'Свічка зелена восьмигранна', 'Свічка зелена восьмигранна', 'різьблена свічка ручної роботи У2, свічка Львів, свічка Самбір, свічка Дрогобич, свічка Добромиль, свічка Тручкавець', 'Різьблена свічка У2, виготовлена вручну з високоякісного харчового парафіну П-2 у студії Марії Герасимлюк. Червоний, зелений, жовтий, білий, фіолетовий, рожевий, синій, коричневий та інші кольори', 'У2', '295.00', 'Опис:\r\n- кольори: зелений, білий;\r\n- висота: 21 см;\r\n- Матеріали: харчовий парафін П-2, стеарин, свічковий лак; \r\n- Оригінальна коробка (ціна коробки входить у вартість замовлення)\r\nМожливі інші кольори під замовлення', 1, 'У2.jpg', 44, 'green', 'polyhedron'),
(45, 'Різьблена свічка з худим верхом', 'Різьблена свічка з худим верхом', 'різьблена свічка ручної роботи У3, свічка Львів, свічка Самбір, свічка Дрогобич, свічка Добромиль, свічка Тручкавець', 'Різьблена свічка У3, виготовлена вручну з високоякісного харчового парафіну П-2 у студії Марії Герасимлюк. Червоний, зелений, жовтий, білий, фіолетовий, рожевий, синій, коричневий та інші кольори', 'У3', '200.00', 'Опис:\r\n- кольори: червоний, зелений, білий;\r\n- висота: 21 см;\r\n- Матеріали: харчовий парафін П-2, стеарин, свічковий лак; \r\n- Оригінальна коробка (ціна коробки входить у вартість замовлення)\r\nМожливі інші кольори під замовлення', 1, 'У3.jpg', 45, 'red', 'polyhedron'),
(46, 'Художня свічка, темно-фіолетова', 'Художня свічка, темно-фіолетова', 'різьблена свічка ручної роботи У4, свічка Львів, свічка Самбір, свічка Дрогобич, свічка Добромиль, свічка Тручкавець', 'Різьблена свічка У4, виготовлена вручну з високоякісного харчового парафіну П-2 у студії Марії Герасимлюк. Червоний, зелений, жовтий, білий, фіолетовий, рожевий, синій, коричневий та інші кольори', 'У4', '200.00', 'Опис:\r\n- кольори: темно-фіолетовий, білий;\r\n- висота: 21 см;\r\n- Матеріали: харчовий парафін П-2, стеарин, свічковий лак; \r\n- Оригінальна коробка (ціна коробки входить у вартість замовлення)\r\nМожливі інші кольори під замовлення', 1, 'У4.jpg', 46, 'black', 'polyhedron'),
(47, 'Подарункова свічка ручної роботи', 'Подарункова свічка ручної роботи', 'різьблена свічка ручної роботи У5, свічка Львів, свічка Самбір, свічка Дрогобич, свічка Добромиль, свічка Тручкавець', 'Різьблена свічка У5, виготовлена вручну з високоякісного харчового парафіну П-2 у студії Марії Герасимлюк. Червоний, зелений, жовтий, білий, фіолетовий, рожевий, синій, коричневий та інші кольори', 'У5', '160.00', 'Опис:\r\n- кольори: рожевий, салатовий;\r\n- висота: 16 см;\r\n- Матеріали: харчовий парафін П-2, стеарин, свічковий \r\nлак, намистини; \r\n- Оригінальна коробка (ціна коробки входить у вартість замовлення)\r\nМожливі інші кольори під замовлення', 1, 'У5.jpg', 47, 'pink', 'polyhedron'),
(48, 'Кругла свічка у формі кулі', 'Кругла свічка у формі кулі', 'різьблена свічка ручної роботи У6, свічка Львів, свічка Самбір, свічка Дрогобич, свічка Добромиль, свічка Тручкавець', 'Різьблена свічка У6, виготовлена вручну з високоякісного харчового парафіну П-2 у студії Марії Герасимлюк. Червоний, зелений, жовтий, білий, фіолетовий, рожевий, синій, коричневий та інші кольори', 'У6', '130.00', 'Опис:\r\n- кольори: кавовий;\r\n- висота: 8 см;\r\n- Матеріали: харчовий парафін П-2, стеарин, свічковий лак, зерна кави; \r\n- Оригінальна коробка (ціна коробки входить у вартість замовлення)\r\nМожливі інші кольори під замовлення', 1, 'У6.jpg', 48, 'yellow', 'ball'),
(49, 'Художня свічка, темно-фіолетового кольору', 'Художня свічка, темно-фіолетового кольору', 'різьблена свічка ручної роботи У7, свічка Львів, свічка Самбір, свічка Дрогобич, свічка Добромиль, свічка Тручкавець', 'Різьблена свічка У7, виготовлена вручну з високоякісного харчового парафіну П-2 у студії Марії Герасимлюк. Червоний, зелений, жовтий, білий, фіолетовий, рожевий, синій, коричневий та інші кольори', 'У7', '200.00', 'Опис:\r\n- кольори: фіолетовий, чорний;\r\n- висота: 21 см;\r\n- Матеріали: харчовий парафін П-2, стеарин, свічковий лак; \r\n- Оригінальна коробка (ціна коробки входить у вартість замовлення)\r\nМожливі інші кольори під замовлення', 1, 'У7.jpg', 49, 'linguee', 'polyhedron'),
(50, 'Різьблена свічка, синьо-рожева', 'Різьблена свічка, синьо-рожева', 'різьблена свічка ручної роботи У8, свічка Львів, свічка Самбір, свічка Дрогобич, свічка Добромиль, свічка Тручкавець', 'Різьблена свічка У8, виготовлена вручну з високоякісного харчового парафіну П-2 у студії Марії Герасимлюк. Червоний, зелений, жовтий, білий, фіолетовий, рожевий, синій, коричневий та інші кольори', 'У8', '160.00', 'Опис:\r\n- кольори: світло-рожевий, синій;\r\n- висота: 16 см;\r\n- Матеріали: харчовий парафін П-2, стеарин, свічковий лак, намистини; \r\n- Оригінальна коробка (ціна коробки входить у вартість замовлення)\r\nМожливі інші кольори під замовлення', 1, 'У8.jpg', 50, 'blue', 'polyhedron'),
(51, 'Художня свічка \"Кавова\"', 'Художня свічка \"Кавова\"', 'різьблена свічка ручної роботи У9, свічка Львів, свічка Самбір, свічка Дрогобич, свічка Добромиль, свічка Тручкавець', 'Різьблена свічка У9, виготовлена вручну з високоякісного харчового парафіну П-2 у студії Марії Герасимлюк. Червоний, зелений, жовтий, білий, фіолетовий, рожевий, синій, коричневий та інші кольори', 'У9', '295.00', 'Опис:\r\n- кольори: коричневий, білий;\r\n- висота: 21 см;\r\n- Матеріали: харчовий парафін П-2, стеарин, свічковий лак, кавові зерна; \r\n- Оригінальна коробка (ціна коробки входить у вартість замовлення)\r\nМожливі інші кольори під замовлення', 1, 'У9.jpg', 51, 'black', 'polyhedron'),
(52, 'Різдвяна свічка, зеленого кольору', 'Різдвяна свічка, зеленого кольору', 'різьблена свічка ручної роботи У10, свічка Львів, свічка Самбір, свічка Дрогобич, свічка Добромиль, свічка Тручкавець', 'Різьблена свічка У10, виготовлена вручну з високоякісного харчового парафіну П-2 у студії Марії Герасимлюк. Червоний, зелений, жовтий, білий, фіолетовий, рожевий, синій, коричневий та інші кольори', 'У10', '160.00', 'Опис:\r\n- кольори: зелений, білий;\r\n- висота: 16 см;\r\n- Матеріали: харчовий парафін П-2, стеарин, свічковий лак; \r\n- Оригінальна коробка (ціна коробки входить у вартість замовлення)\r\nМожливі інші кольори під замовлення', 1, 'У10.jpg', 52, 'green', 'polyhedron'),
(53, 'Художня свічка, вогняно-темного кольору', 'Художня свічка, вогняно-темного кольору', 'різьблена свічка ручної роботи У11, свічка Львів, свічка Самбір, свічка Дрогобич, свічка Добромиль, свічка Тручкавець', 'Різьблена свічка У11, виготовлена вручну з високоякісного харчового парафіну П-2 у студії Марії Герасимлюк. Червоний, зелений, жовтий, білий, фіолетовий, рожевий, синій, коричневий та інші кольори', 'У11', '300.00', 'Опис:\r\n- кольори: темно-коричневий, жовтогарячий, білий;\r\n- висота: 20 см;\r\n- Матеріали: харчовий парафін П-2, стеарин, свічковий лак; \r\n- Оригінальна коробка (ціна коробки входить у вартість замовлення)\r\nМожливі інші кольори під замовлення', 1, 'У11.jpg', 53, 'black', 'polyhedron'),
(54, 'Різьблена свічка, блакитно-синя', 'Різьблена свічка, блакитно-синя', 'різьблена свічка ручної роботи У12, свічка Львів, свічка Самбір, свічка Дрогобич, свічка Добромиль, свічка Тручкавець', 'Різьблена свічка У12, виготовлена вручну з високоякісного харчового парафіну П-2 у студії Марії Герасимлюк. Червоний, зелений, жовтий, білий, фіолетовий, рожевий, синій, коричневий та інші кольори', 'У12', '160.00', 'Опис:\r\n- кольори: фіолетовий, синій, блакитний;\r\n- висота: 16 см;\r\n- Матеріали: харчовий парафін П-2, стеарин, свічковий лак, намистини; \r\n- Оригінальна коробка (ціна коробки входить у вартість замовлення)\r\nМожливі інші кольори під замовлення', 1, 'У12.jpg', 54, 'blue', 'polyhedron'),
(55, 'Коричнево-зелена свічка-куля', 'Коричнево-зелена свічка-куля', 'різьблена свічка ручної роботи У13, свічка Львів, свічка Самбір, свічка Дрогобич, свічка Добромиль, свічка Тручкавець', 'Різьблена свічка У13, виготовлена вручну з високоякісного харчового парафіну П-2 у студії Марії Герасимлюк. Червоний, зелений, жовтий, білий, фіолетовий, рожевий, синій, коричневий та інші кольори', 'У13', '130.00', 'Опис:\r\n- кольори: коричневий, зелений;\r\n- висота: 8 см;\r\n- Матеріали: харчовий парафін П-2, стеарин, свічковий лак, декоративні камінці; \r\n- Оригінальна коробка (ціна коробки входить у вартість замовлення)\r\nМожливі інші кольори під замовлення', 1, 'У13.jpg', 55, 'black', 'ball'),
(56, 'Різдвяна свічка \"Блакитна ялинка\"', 'Різдвяна свічка \"Блакитна ялинка\"', 'різьблена свічка ручної роботи У14, свічка Львів, свічка Самбір, свічка Дрогобич, свічка Добромиль, свічка Тручкавець', 'Різьблена свічка У14, виготовлена вручну з високоякісного харчового парафіну П-2 у студії Марії Герасимлюк. Червоний, зелений, жовтий, білий, фіолетовий, рожевий, синій, коричневий та інші кольори', 'У14', '200.00', 'Опис:\r\n- кольори: синій, блакитний, білий;\r\n- висота: 19 см;\r\n- Матеріали: харчовий парафін П-2, стеарин, свічковий лак, намистини, декоративні елементи; \r\n- Оригінальна коробка (ціна коробки входить у вартість замовлення)\r\nМожливі інші кольори під замовлення', 1, 'У14.jpg', 56, 'blue', 'polyhedron'),
(57, 'Художня  восьмигранна зелена свічка ', 'Художня  восьмигранна зелена свічка ', 'різьблена свічка ручної роботи У17, свічка Львів, свічка Самбір, свічка Дрогобич, свічка Добромиль, свічка Тручкавець', 'Різьблена свічка У17, виготовлена вручну з високоякісного харчового парафіну П-2 у студії Марії Герасимлюк. Червоний, зелений, жовтий, білий, фіолетовий, рожевий, синій, коричневий та інші кольори', 'У17', '295.00', 'Опис:\r\n- кольори: зелений, білий;\r\n- висота: 21 см;\r\n- Матеріали: харчовий парафін П-2, стеарин, свічковий лак, намистини; \r\n- Оригінальна коробка (ціна коробки входить у вартість замовлення)\r\nМожливі інші кольори під замовлення', 1, 'У17.jpg', 57, 'green', 'polyhedron'),
(58, 'Різьблена рожева свічка', 'Різьблена рожева свічка', 'різьблена свічка ручної роботи У18, свічка Львів, свічка Самбір, свічка Дрогобич, свічка Добромиль, свічка Тручкавець', 'Різьблена свічка У18, виготовлена вручну з високоякісного харчового парафіну П-2 у студії Марії Герасимлюк. Червоний, зелений, жовтий, білий, фіолетовий, рожевий, синій, коричневий та інші кольори', 'У18', '160.00', 'Опис:\r\n- кольори: рожевий, білий;\r\n- висота: 16 см;\r\n- Матеріали: харчовий парафін П-2, стеарин, свічковий лак, намистини; \r\n- Оригінальна коробка (ціна коробки входить у вартість замовлення)\r\nМожливі інші кольори під замовлення', 1, 'У18.jpg', 58, 'pink', 'polyhedron'),
(59, 'Різдвяна зелена свічка', 'Різдвяна зелена свічка', 'різьблена свічка ручної роботи У19, свічка Львів, свічка Самбір, свічка Дрогобич, свічка Добромиль, свічка Тручкавець', 'Різьблена свічка У19, виготовлена вручну з високоякісного харчового парафіну П-2 у студії Марії Герасимлюк. Червоний, зелений, жовтий, білий, фіолетовий, рожевий, синій, коричневий та інші кольори', 'У19', '200.00', 'Опис:\r\n- кольори: зелений, жовтий;\r\n- висота: 21 см;\r\n- Матеріали: харчовий парафін П-2, стеарин, свічковий лак; \r\n- Оригінальна коробка (ціна коробки входить у вартість замовлення)\r\nМожливі інші кольори під замовлення', 1, 'У19.jpg', 59, 'green', 'polyhedron'),
(60, 'Висока художня свічка', 'Висока художня свічка', 'різьблена свічка ручної роботи У21, свічка Львів, свічка Самбір, свічка Дрогобич, свічка Добромиль, свічка Тручкавець', 'Різьблена свічка У21, виготовлена вручну з високоякісного харчового парафіну П-2 у студії Марії Герасимлюк. Червоний, зелений, жовтий, білий, фіолетовий, рожевий, синій, коричневий та інші кольори', 'У21', '200.00', 'Опис:\r\n- кольори: жовтий, синій, червоний;\r\n- висота: 21 см;\r\n- Матеріали: харчовий парафін П-2, стеарин, свічковий лак; \r\n- Оригінальна коробка (ціна коробки входить у вартість замовлення)\r\nМожливі інші кольори під замовлення', 1, 'У21.jpg', 60, '', ''),
(61, 'Різьблена свічка ручної роботи', 'Різьблена свічка ручної роботи', 'різьблена свічка ручної роботи У22, свічка Львів, свічка Самбір, свічка Дрогобич, свічка Добромиль, свічка Тручкавець', 'Різьблена свічка У22, виготовлена вручну з високоякісного харчового парафіну П-2 у студії Марії Герасимлюк. Червоний, зелений, жовтий, білий, фіолетовий, рожевий, синій, коричневий та інші кольори', 'У22', '160.00', 'Опис:\r\n- кольори: зелений, рожевий, білий;\r\n- висота: 16 см;\r\n- Матеріали: харчовий парафін П-2, стеарин, свічковий лак; \r\n- Оригінальна коробка (ціна коробки входить у вартість замовлення)\r\nМожливі інші кольори під замовлення', 1, 'У22.jpg', 61, '', ''),
(62, 'Універсальна синьо-блакитна свічка', 'Універсальна синьо-блакитна свічка', 'різьблена свічка ручної роботи У23, свічка Львів, свічка Самбір, свічка Дрогобич, свічка Добромиль, свічка Тручкавець', 'Різьблена свічка У23, виготовлена вручну з високоякісного харчового парафіну П-2 у студії Марії Герасимлюк. Червоний, зелений, жовтий, білий, фіолетовий, рожевий, синій, коричневий та інші кольори', 'У23', '160.00', 'Опис:\r\n- кольори: синій, блакитний, білий;\r\n- висота: 16 см;\r\n- Матеріали: харчовий парафін П-2, стеарин, свічковий лак; \r\n- Оригінальна коробка (ціна коробки входить у вартість замовлення)\r\nМожливі інші кольори під замовлення', 1, 'У23.jpg', 62, 'blue', 'polyhedron'),
(63, 'Висока різдвяна свічка', 'Висока різдвяна свічка', 'різьблена свічка ручної роботи У24, свічка Львів, свічка Самбір, свічка Дрогобич, свічка Добромиль, свічка Тручкавець', 'Різьблена свічка У24, виготовлена вручну з високоякісного харчового парафіну П-2 у студії Марії Герасимлюк. Червоний, зелений, жовтий, білий, фіолетовий, рожевий, синій, коричневий та інші кольори', 'У24', '200.00', 'Опис:\r\n- кольори: зелений, синій, оранжевий, білий;\r\n- висота: 21 см;\r\n- Матеріали: харчовий парафін П-2, стеарин, свічковий лак;\r\n- Оригінальна коробка (ціна коробки входить у вартість замовлення) \r\nМожливі інші кольори під замовлення', 1, 'У24.jpg', 63, 'green', 'polyhedron'),
(64, 'Різвяна свічка \"Ялинка\"', 'Різвяна свічка \"Ялинка\"', 'різьблена свічка ручної роботи У25, свічка Львів, свічка Самбір, свічка Дрогобич, свічка Добромиль, свічка Тручкавець', 'Різьблена свічка У25, виготовлена вручну з високоякісного харчового парафіну П-2 у студії Марії Герасимлюк. Червоний, зелений, жовтий, білий, фіолетовий, рожевий, синій, коричневий та інші кольори', 'У25', '200.00', 'Опис:\r\n- кольори: зелений, синій, оранжевий, білий;\r\n- висота: 19 см;\r\n- Матеріали: харчовий парафін П-2, стеарин, свічковий лак, намистини; \r\n- Оригінальна коробка (ціна коробки входить у вартість замовлення)\r\nМожливі інші кольори під замовлення', 1, 'У25.jpg', 64, 'green', 'polyhedron'),
(65, 'Різдвяна шестигранна синя свічка', 'Різдвяна шестигранна синя свічка', 'різьблена свічка ручної роботи У26, свічка Львів, свічка Самбір, свічка Дрогобич, свічка Добромиль, свічка Тручкавець', 'Різьблена свічка У26, виготовлена вручну з високоякісного харчового парафіну П-2 у студії Марії Герасимлюк. Червоний, зелений, жовтий, білий, фіолетовий, рожевий, синій, коричневий та інші кольори', 'У26', '300.00', 'Опис:\r\n- кольори: блакитний, білий;\r\n- висота: 20 см;\r\n- Матеріали: харчовий парафін П-2, стеарин, свічковий лак, намистини; \r\n- Оригінальна коробка (ціна коробки входить у вартість замовлення)\r\nМожливі інші кольори під замовлення', 1, 'У26.jpg', 65, 'blue', 'polyhedron'),
(66, 'Різдвяна восьмигранна червона свічка', 'Різдвяна восьмигранна червона свічка', 'різьблена свічка ручної роботи У27, свічка Львів, свічка Самбір, свічка Дрогобич, свічка Добромиль, свічка Тручкавець', 'Різьблена свічка У27, виготовлена вручну з високоякісного харчового парафіну П-2 у студії Марії Герасимлюк. Червоний, зелений, жовтий, білий, фіолетовий, рожевий, синій, коричневий та інші кольори', 'У27', '295.00', 'Опис:\r\n- кольори: червони, білий;\r\n- висота: 21 см;\r\n- Матеріали: харчовий парафін П-2, стеарин, свічковий лак, намистини; \r\n- Оригінальна коробка (ціна коробки входить у вартість замовлення)\r\nМожливі інші кольори під замовлення', 1, 'У27.jpg', 66, 'red', 'polyhedron'),
(67, 'Різдвяна восьмигранна свічка темна', 'Різдвяна восьмигранна свічка темна', 'різьблена свічка ручної роботи У28, свічка Львів, свічка Самбір, свічка Дрогобич, свічка Добромиль, свічка Тручкавець', 'Різьблена свічка У28, виготовлена вручну з високоякісного харчового парафіну П-2 у студії Марії Герасимлюк. Червоний, зелений, жовтий, білий, фіолетовий, рожевий, синій, коричневий та інші кольори', 'У28', '295.00', 'Опис:\r\n- кольори: темно-коричневий, білий;\r\n- висота: 21 см;\r\n- Матеріали: харчовий парафін П-2, стеарин, свічковий лак; \r\n- Оригінальна коробка (ціна коробки входить у вартість замовлення)\r\nМожливі інші кольори під замовлення', 1, 'У28.jpg', 67, 'black', 'polyhedron'),
(68, 'Різвяна свічка шестигранна фіолетова', 'Різвяна свічка шестигранна фіолетова', 'різьблена свічка ручної роботи У29, свічка Львів, свічка Самбір, свічка Дрогобич, свічка Добромиль, свічка Тручкавець', 'Різьблена свічка У29, виготовлена вручну з високоякісного харчового парафіну П-2 у студії Марії Герасимлюк. Червоний, зелений, жовтий, білий, фіолетовий, рожевий, синій, коричневий та інші кольори', 'У29', '300.00', 'Опис:\r\n- кольори: фіолетовий, білий;\r\n- висота: 20 см;\r\n- Матеріали: харчовий парафін П-2, стеарин, свічковий лак, намистини; \r\n- Оригінальна коробка (ціна коробки входить у вартість замовлення)\r\nМожливі інші кольори під замовлення', 1, 'У29.jpg', 68, 'linguee', 'polyhedron'),
(69, 'Висока різдвяна свічка', 'Висока різдвяна свічка', 'різьблена свічка ручної роботи У30, свічка Львів, свічка Самбір, свічка Дрогобич, свічка Добромиль, свічка Тручкавець', 'Різьблена свічка У30, виготовлена вручну з високоякісного харчового парафіну П-2 у студії Марії Герасимлюк. Червоний, зелений, жовтий, білий, фіолетовий, рожевий, синій, коричневий та інші кольори', 'У30', '200.00', 'Опис:\r\n- кольори: синій, білий, оранжевий;\r\n- висота: 21 см;\r\n- Матеріали: харчовий парафін П-2, стеарин, свічковий лак, намистини; \r\n- Оригінальна коробка (ціна коробки входить у вартість замовлення)\r\nМожливі інші кольори під замовлення', 1, 'У30.jpg', 69, 'blue', 'polyhedron'),
(70, 'Шестигранна різьблена свічка', 'Шестигранна різьблена свічка', 'різьблена свічка ручної роботи У31, свічка Львів, свічка Самбір, свічка Дрогобич, свічка Добромиль, свічка Тручкавець', 'Різьблена свічка У31, виготовлена вручну з високоякісного харчового парафіну П-2 у студії Марії Герасимлюк. Червоний, зелений, жовтий, білий, фіолетовий, рожевий, синій, коричневий та інші кольори', 'У31', '160.00', 'Опис:\r\n- кольори: світло-рожевий, зелений, синій, оранжевий;\r\n- висота: 16 см;\r\n- Матеріали: харчовий парафін П-2, стеарин, свічковий лак; \r\n- Оригінальна коробка (ціна коробки входить у вартість замовлення)\r\nМожливі інші кольори під замовлення', 1, 'У31.jpg', 70, '', ''),
(71, 'Темна різдвяна різьблена свічка', 'Темна різдвяна різьблена свічка', 'різьблена свічка ручної роботи У32, свічка Львів, свічка Самбір, свічка Дрогобич, свічка Добромиль, свічка Тручкавець', 'Різьблена свічка У32, виготовлена вручну з високоякісного харчового парафіну П-2 у студії Марії Герасимлюк. Червоний, зелений, жовтий, білий, фіолетовий, рожевий, синій, коричневий та інші кольори', 'У32', '160.00', 'Опис:\r\n- кольори: темно-синій, червоний;\r\n- висота: 16 см;\r\n- Матеріали: харчовий парафін П-2, стеарин, свічковий лак; \r\n- Оригінальна коробка (ціна коробки входить у вартість замовлення)\r\nМожливі інші кольори під замовлення', 1, 'У32.jpg', 71, 'black', 'polyhedron'),
(72, 'Фіолетова різдвяна художня свічка', 'Фіолетова різдвяна художня свічка', 'різьблена свічка ручної роботи У33, свічка Львів, свічка Самбір, свічка Дрогобич, свічка Добромиль, свічка Тручкавець', 'Різьблена свічка У33, виготовлена вручну з високоякісного харчового парафіну П-2 у студії Марії Герасимлюк. Червоний, зелений, жовтий, білий, фіолетовий, рожевий, синій, коричневий та інші кольори', 'У33', '160.00', 'Опис:\r\n- кольори: фіолетовий, рожевий, світло-рожевий;\r\n- висота: 16 см;\r\n- Матеріали: харчовий парафін П-2, стеарин, свічковий лак, намистини; \r\n- Оригінальна коробка (ціна коробки входить у вартість замовлення)\r\nМожливі інші кольори під замовлення', 1, 'У33.jpg', 72, 'linguee', 'polyhedron'),
(73, 'Велика восьмигранна різьблена свічка', 'Велика восьмигранна різьблена свічка', 'різьблена свічка ручної роботи У34, свічка Львів, свічка Самбір, свічка Дрогобич, свічка Добромиль, свічка Тручкавець', 'Різьблена свічка У34, виготовлена вручну з високоякісного харчового парафіну П-2 у студії Марії Герасимлюк. Червоний, зелений, жовтий, білий, фіолетовий, рожевий, синій, коричневий та інші кольори', 'У34', '325.00', 'Опис:\r\n- кольори: темно-зелений, зелений, жовтий, білий;\r\n- висота: 21 см;\r\n- Матеріали: харчовий парафін П-2, стеарин, свічковий лак; \r\n- Оригінальна коробка (ціна коробки входить у вартість замовлення)\r\nМожливі інші кольори під замовлення', 1, 'У34.jpg', 73, 'green', 'polyhedron'),
(74, 'Стрітенська зелена свічка', 'Стрітенська зелена свічка', 'різьблена свічка ручної роботи У35, свічка Львів, свічка Самбір, свічка Дрогобич, свічка Добромиль, свічка Тручкавець', 'Різьблена свічка У35, виготовлена вручну з високоякісного харчового парафіну П-2 у студії Марії Герасимлюк. Червоний, зелений, жовтий, білий, фіолетовий, рожевий, синій, коричневий та інші кольори', 'У35', '75.00', 'Опис:\r\n- кольори: зелений, білий;\r\n- висота: 24,5 см;\r\n- Матеріали: харчовий парафін П-2, стеарин, свічковий лак, намистини; \r\nМожливі інші кольори під замовлення', 1, 'У35.jpg', 74, '', ''),
(75, 'Стрітенська червона свічка', 'Стрітенська червона свічка', 'різьблена свічка ручної роботи У36, свічка Львів, свічка Самбір, свічка Дрогобич, свічка Добромиль, свічка Тручкавець', 'Різьблена свічка У36, виготовлена вручну з високоякісного харчового парафіну П-2 у студії Марії Герасимлюк. Червоний, зелений, жовтий, білий, фіолетовий, рожевий, синій, коричневий та інші кольори', 'У36', '75.00', 'Опис:\r\n- кольори: червоний, білий;\r\n- висота: 24,5 см;\r\n- Матеріали: харчовий парафін П-2, стеарин, свічковий лак; \r\nМожливі інші кольори під замовлення', 1, 'У36.jpg', 75, '', ''),
(76, 'Стрітенська біло-зелена свічка', 'Стрітенська біло-зелена свічка', 'різьблена свічка ручної роботи У37, свічка Львів, свічка Самбір, свічка Дрогобич, свічка Добромиль, свічка Тручкавець', 'Різьблена свічка У37, виготовлена вручну з високоякісного харчового парафіну П-2 у студії Марії Герасимлюк. Червоний, зелений, жовтий, білий, фіолетовий, рожевий, синій, коричневий та інші кольори', 'У37', '75.00', 'Опис:\r\n- кольори: білий, зелений;\r\n- висота: 24,5 см;\r\n- Матеріали: харчовий парафін П-2, стеарин, свічковий лак; \r\nМожливі інші кольори під замовлення', 1, 'У37.jpg', 76, '', ''),
(77, 'Стрітенська фіолетова свічка', 'Стрітенська фіолетова свічка', 'різьблена свічка ручної роботи У38, свічка Львів, свічка Самбір, свічка Дрогобич, свічка Добромиль, свічка Тручкавець', 'Різьблена свічка У38, виготовлена вручну з високоякісного харчового парафіну П-2 у студії Марії Герасимлюк. Червоний, зелений, жовтий, білий, фіолетовий, рожевий, синій, коричневий та інші кольори', 'У38', '75.00', 'Опис:\r\n- кольори: фіолетовий, білий;\r\n- висота: 24,5 см;\r\n- Матеріали: харчовий парафін П-2, стеарин, свічковий лак; \r\nМожливі інші кольори під замовлення', 1, 'У38.jpg', 77, '', ''),
(78, 'Стрітенська сіра свічка', 'Стрітенська сіра свічка', 'різьблена свічка ручної роботи У39, свічка Львів, свічка Самбір, свічка Дрогобич, свічка Добромиль, свічка Тручкавець', 'Різьблена свічка У39, виготовлена вручну з високоякісного харчового парафіну П-2 у студії Марії Герасимлюк. Червоний, зелений, жовтий, білий, фіолетовий, рожевий, синій, коричневий та інші кольори', 'У39', '75.00', 'Опис:\r\n- кольори: сірий, білий;\r\n- висота: 24,5 см;\r\n- Матеріали: харчовий парафін П-2, стеарин, свічковий лак; \r\nМожливі інші кольори під замовлення', 1, 'У39.jpg', 78, '', ''),
(79, 'Стрітенська сіро-зелена свічка', 'Стрітенська сіро-зелена свічка', 'різьблена свічка ручної роботи У40, свічка Львів, свічка Самбір, свічка Дрогобич, свічка Добромиль, свічка Тручкавець', 'Різьблена свічка У40, виготовлена вручну з високоякісного харчового парафіну П-2 у студії Марії Герасимлюк. Червоний, зелений, жовтий, білий, фіолетовий, рожевий, синій, коричневий та інші кольори', 'У40', '75.00', 'Опис:\r\n- кольори: сірий, зелений, білий;\r\n- висота: 24,5 см;\r\n- Матеріали: харчовий парафін П-2, стеарин, свічковий лак; \r\nМожливі інші кольори під замовлення', 1, 'У40.jpg', 79, '', ''),
(80, 'Універсальна художня свічка', 'Універсальна художня свічка', 'різьблена свічка ручної роботи У41, свічка Львів, свічка Самбір, свічка Дрогобич, свічка Добромиль, свічка Тручкавець', 'Різьблена свічка У41, виготовлена вручну з високоякісного харчового парафіну П-2 у студії Марії Герасимлюк. Червоний, зелений, жовтий, білий, фіолетовий, рожевий, синій, коричневий та інші кольори', 'У41', '115.00', 'Опис:\r\n- кольори: червоний, білий;\r\n- висота: 12 см;\r\n- Матеріали: харчовий парафін П-2, стеарин, свічковий лак, намистини; \r\n- Оригінальна коробка (ціна коробки входить у вартість замовлення)\r\nМожливі інші кольори під замовлення', 1, 'У41.jpg', 80, 'red', 'polyhedron'),
(81, 'Художня червона свічка', 'Художня червона свічка', 'різьблена свічка ручної роботи У42, свічка Львів, свічка Самбір, свічка Дрогобич, свічка Добромиль, свічка Тручкавець', 'Різьблена свічка У42, виготовлена вручну з високоякісного харчового парафіну П-2 у студії Марії Герасимлюк. Червоний, зелений, жовтий, білий, фіолетовий, рожевий, синій, коричневий та інші кольори', 'У42', '115.00', 'Опис:\r\n- кольори: червоний, білий;\r\n- висота: 12 см;\r\n- Матеріали: харчовий парафін П-2, стеарин, свічковий лак; \r\n- Оригінальна коробка (ціна коробки входить у вартість замовлення)\r\nМожливі інші кольори під замовлення', 1, 'У42.jpg', 81, 'red', 'polyhedron'),
(82, 'Різьблена червона свічка', 'Різьблена червона свічка', 'різьблена свічка ручної роботи У43, свічка Львів, свічка Самбір, свічка Дрогобич, свічка Добромиль, свічка Тручкавець', 'Різьблена свічка У43, виготовлена вручну з високоякісного харчового парафіну П-2 у студії Марії Герасимлюк. Червоний, зелений, жовтий, білий, фіолетовий, рожевий, синій, коричневий та інші кольори', 'У43', '115.00', 'Опис:\r\n- кольори: червоний, білий;\r\n- висота: 12 см;\r\n- Матеріали: харчовий парафін П-2, стеарин, свічковий лак;\r\n- Оригінальна коробка (ціна коробки входить у вартість замовлення) \r\nМожливі інші кольори під замовлення', 1, 'У43.jpg', 82, 'red', 'polyhedron'),
(83, 'Велика восьмигранна фіолетова свічка', 'Велика восьмигранна фіолетова свічка', 'різьблена свічка ручної роботи У48, свічка Львів, свічка Самбір, свічка Дрогобич, свічка Добромиль, свічка Тручкавець', 'Різьблена свічка У48, виготовлена вручну з високоякісного харчового парафіну П-2 у студії Марії Герасимлюк. Червоний, зелений, жовтий, білий, фіолетовий, рожевий, синій, коричневий та інші кольори', 'У48', '295.00', 'Опис:\r\n- кольори: фіолетовий, рожевий;\r\n- висота: 21 см;\r\n- Матеріали: харчовий парафін П-2, стеарин, свічковий лак, намистини; \r\n- Оригінальна коробка (ціна коробки входить у вартість замовлення)\r\nМожливі інші кольори під замовлення', 1, 'У48.jpg', 83, 'linguee', 'polyhedron'),
(84, 'Рожева свічка-куля', 'Рожева свічка-куля', 'різьблена свічка ручної роботи У49, свічка Львів, свічка Самбір, свічка Дрогобич, свічка Добромиль, свічка Тручкавець', 'Різьблена свічка У49, виготовлена вручну з високоякісного харчового парафіну П-2 у студії Марії Герасимлюк. Червоний, зелений, жовтий, білий, фіолетовий, рожевий, синій, коричневий та інші кольори', 'У49', '130.00', 'Опис:\r\n- кольори: рожевий, чорний;\r\n- висота: 8 см;\r\n- Матеріали: харчовий парафін П-2, стеарин, свічковий лак; \r\n- Оригінальна коробка (ціна коробки входить у вартість замовлення)\r\nМожливі інші кольори під замовлення', 1, 'У49.jpg', 84, 'pink', 'ball'),
(85, 'Велика восьмигранна рожева свічка', 'Велика восьмигранна рожева свічка', 'різьблена свічка ручної роботи У50, свічка Львів, свічка Самбір, свічка Дрогобич, свічка Добромиль, свічка Тручкавець', 'Різьблена свічка У50, виготовлена вручну з високоякісного харчового парафіну П-2 у студії Марії Герасимлюк. Червоний, зелений, жовтий, білий, фіолетовий, рожевий, синій, коричневий та інші кольори', 'У50', '295.00', 'Опис:\r\n- кольори: рожевий, світло-фіолетовий;\r\n- висота: 21 см;\r\n- Матеріали: харчовий парафін П-2, стеарин, свічковий лак; \r\n- Оригінальна коробка (ціна коробки входить у вартість замовлення)\r\nМожливі інші кольори під замовлення', 1, 'У50.jpg', 85, 'pink', 'polyhedron'),
(86, 'Велика рожево-біла свічка', 'Велика рожево-біла свічка', 'різьблена свічка ручної роботи У51, свічка Львів, свічка Самбір, свічка Дрогобич, свічка Добромиль, свічка Тручкавець', 'Різьблена свічка У51, виготовлена вручну з високоякісного харчового парафіну П-2 у студії Марії Герасимлюк. Червоний, зелений, жовтий, білий, фіолетовий, рожевий, синій, коричневий та інші кольори', 'У51', '295.00', 'Опис:\r\n- кольори: рожевий, білий;\r\n- висота: 21 см;\r\n- Матеріали: харчовий парафін П-2, стеарин, свічковий лак, намистини; \r\n- Оригінальна коробка (ціна коробки входить у вартість замовлення)\r\nМожливі інші кольори під замовлення', 1, 'У51.jpg', 86, 'pink', 'polyhedron'),
(87, 'Зелена свічка міні', 'Зелена свічка міні', 'різьблена свічка ручної роботи У52, свічка Львів, свічка Самбір, свічка Дрогобич, свічка Добромиль, свічка Тручкавець', 'Різьблена свічка У52, виготовлена вручну з високоякісного харчового парафіну П-2 у студії Марії Герасимлюк. Червоний, зелений, жовтий, білий, фіолетовий, рожевий, синій, коричневий та інші кольори', 'У52', '90.00', 'Опис:\r\n- кольори: зеленивй, салатовий, білий;\r\n- висота: 10 см;\r\n- Матеріали: харчовий парафін П-2, стеарин, свічковий лак; \r\n- Оригінальна коробка (ціна коробки входить у вартість замовлення)\r\nМожливі інші кольори під замовлення', 1, 'У52.jpg', 87, 'green', 'polyhedron'),
(89, 'Художня синя різьблена свічка', 'Художня синя різьблена свічка', 'різьблена свічка ручної роботи У53, свічка Львів, свічка Самбір, свічка Дрогобич, свічка Добромиль, свічка Тручкавець', 'Різьблена свічка У53, виготовлена вручну з високоякісного харчового парафіну П-2 у студії Марії Герасимлюк. Червоний, зелений, жовтий, білий, фіолетовий, рожевий, синій, коричневий та інші кольори', 'У53', '125.00', 'Опис:\r\n- кольори: синій, оранжевий, зелений;\r\n- висота: 13 см;\r\n- Матеріали: харчовий парафін П-2, стеарин, свічковий лак; \r\n- Оригінальна коробка (ціна коробки входить у вартість замовлення)\r\nМожливі інші кольори під замовлення', 1, 'У53.jpg', 89, '', ''),
(90, 'Яскрава різьблена свічка', 'Яскрава різьблена свічка', 'різьблена свічка ручної роботи У54, свічка Львів, свічка Самбір, свічка Дрогобич, свічка Добромиль, свічка Тручкавець', 'Різьблена свічка У54, виготовлена вручну з високоякісного харчового парафіну П-2 у студії Марії Герасимлюк. Червоний, зелений, жовтий, білий, фіолетовий, рожевий, синій, коричневий та інші кольори', 'У54', '160.00', 'Опис:\r\n- кольори: червоний, жовтий, синій;\r\n- висота: 16 см;\r\n- Матеріали: харчовий парафін П-2, стеарин, свічковий лак; \r\n- Оригінальна коробка (ціна коробки входить у вартість замовлення)\r\nМожливі інші кольори під замовлення', 1, 'У54.jpg', 90, '', ''),
(91, 'Велика шестигранна зелена свічка', 'Велика шестигранна зелена свічка', 'різьблена свічка ручної роботи У55, свічка Львів, свічка Самбір, свічка Дрогобич, свічка Добромиль, свічка Тручкавець', 'Різьблена свічка У55, виготовлена вручну з високоякісного харчового парафіну П-2 у студії Марії Герасимлюк. Червоний, зелений, жовтий, білий, фіолетовий, рожевий, синій, коричневий та інші кольори', 'У55', '300.00', 'Опис:\r\n- кольори: зелений, білий;\r\n- висота: 20 см;\r\n- Матеріали: харчовий парафін П-2, стеарин, свічковий лак;\r\n- Оригінальна коробка (ціна коробки входить у вартість замовлення) \r\nМожливі інші кольори під замовлення', 1, 'У55.jpg', 91, 'green', 'polyhedron');
INSERT INTO `products` (`id`, `name`, `seo_title`, `seo_keywords`, `seo_description`, `code`, `price`, `description`, `available`, `photo`, `index`, `label`, `form`) VALUES
(92, 'Бордова художня свічка', 'Бордова художня свічка', 'різьблена свічка ручної роботи У56, свічка Львів, свічка Самбір, свічка Дрогобич, свічка Добромиль, свічка Тручкавець', 'Різьблена свічка У56, виготовлена вручну з високоякісного харчового парафіну П-2 у студії Марії Герасимлюк. Червоний, зелений, жовтий, білий, фіолетовий, рожевий, синій, коричневий та інші кольори', 'У56', '160.00', 'Опис:\r\n- кольори: бордовий, білий;\r\n- висота: 16 см;\r\n- Матеріали: харчовий парафін П-2, стеарин, свічковий лак; \r\n- Оригінальна коробка (ціна коробки входить у вартість замовлення)\r\nМожливі інші кольори під замовлення', 1, 'У56.jpg', 92, 'red', 'polyhedron'),
(93, 'Блакитна шестигранна свічка', 'Блакитна шестигранна свічка', 'різьблена свічка ручної роботи У57, свічка Львів, свічка Самбір, свічка Дрогобич, свічка Добромиль, свічка Тручкавець', 'Різьблена свічка У57, виготовлена вручну з високоякісного харчового парафіну П-2 у студії Марії Герасимлюк. Червоний, зелений, жовтий, білий, фіолетовий, рожевий, синій, коричневий та інші кольори', 'У57', '300.00', 'Опис:\r\n- кольори: блакитний, білий;\r\n- висота: 20 см;\r\n- Матеріали: харчовий парафін П-2, стеарин, свічковий лак; \r\n- Оригінальна коробка (ціна коробки входить у вартість замовлення)\r\nМожливі інші кольори під замовлення', 1, 'У57.jpg', 93, 'blue', 'polyhedron'),
(94, 'Стрітенська зелена свічка', 'Стрітенська зелена свічка', 'різьблена свічка ручної роботи У58, свічка Львів, свічка Самбір, свічка Дрогобич, свічка Добромиль, свічка Тручкавець', 'Різьблена свічка У58, виготовлена вручну з високоякісного харчового парафіну П-2 у студії Марії Герасимлюк. Червоний, зелений, жовтий, білий, фіолетовий, рожевий, синій, коричневий та інші кольори', 'У58', '75.00', 'Опис:\r\n- кольори: зелений, білий;\r\n- висота: 24,5 см;\r\n- Матеріали: харчовий парафін П-2, стеарин, свічковий лак, намистини; \r\nМожливі інші кольори під замовлення', 1, 'У58.jpg', 94, '', ''),
(95, 'Фіолетова свічка ручної роботи', 'Фіолетова свічка ручної роботи', 'різьблена свічка ручної роботи У59, свічка Львів, свічка Самбір, свічка Дрогобич, свічка Добромиль, свічка Тручкавець', 'Різьблена свічка У59, виготовлена вручну з високоякісного харчового парафіну П-2 у студії Марії Герасимлюк. Червоний, зелений, жовтий, білий, фіолетовий, рожевий, синій, коричневий та інші кольори', 'У59', '125.00', 'Опис:\r\n- кольори: фіолетовий, білий;\r\n- висота: 13 см;\r\n- Матеріали: харчовий парафін П-2, стеарин, свічковий лак; \r\n- Оригінальна коробка (ціна коробки входить у вартість замовлення)\r\nМожливі інші кольори під замовлення', 1, 'У59.jpg', 95, 'linguee', 'polyhedron'),
(96, 'Зелена різьблена свічка', 'Зелена різьблена свічка', 'різьблена свічка ручної роботи У60, свічка Львів, свічка Самбір, свічка Дрогобич, свічка Добромиль, свічка Тручкавець', 'Різьблена свічка У60, виготовлена вручну з високоякісного харчового парафіну П-2 у студії Марії Герасимлюк. Червоний, зелений, жовтий, білий, фіолетовий, рожевий, синій, коричневий та інші кольори', 'У60', '160.00', 'Опис:\r\n- кольори: червоний, білий;\r\n- висота: 16 см;\r\n- Матеріали: харчовий парафін П-2, стеарин, свічковий лак; \r\n- Оригінальна коробка (ціна коробки входить у вартість замовлення)\r\nМожливі інші кольори під замовлення', 1, 'У60.jpg', 96, 'green', 'polyhedron'),
(97, 'Художня свічка ручної роботи', 'Художня свічка ручної роботи', 'різьблена свічка ручної роботи У61, свічка Львів, свічка Самбір, свічка Дрогобич, свічка Добромиль, свічка Тручкавець', 'Різьблена свічка У61, виготовлена вручну з високоякісного харчового парафіну П-2 у студії Марії Герасимлюк. Червоний, зелений, жовтий, білий, фіолетовий, рожевий, синій, коричневий та інші кольори', 'У61', '115.00', 'Опис:\r\n- кольори: синій, оранжевий, білий;\r\n- висота: 12 см;\r\n- Матеріали: харчовий парафін П-2, стеарин, свічковий лак; \r\n- Оригінальна коробка (ціна коробки входить у вартість замовлення)\r\nМожливі інші кольори під замовлення', 1, 'У61.jpg', 97, '', ''),
(98, 'Різьблена свічка у патріотичних синьо-жовтих тонах', 'Різьблена свічка у патріотичних синьо-жовтих тонах', 'різьблена свічка ручної роботи У62, свічка Львів, свічка Самбір, свічка Дрогобич, свічка Добромиль, свічка Тручкавець', 'Різьблена свічка У62, виготовлена вручну з високоякісного харчового парафіну П-2 у студії Марії Герасимлюк. Червоний, зелений, жовтий, білий, фіолетовий, рожевий, синій, коричневий та інші кольори', 'У62', '200.00', 'Опис:\r\n- кольори: жовтий, світло-синій, білий;\r\n- висота: 21 см;\r\n- Матеріали: харчовий парафін П-2, стеарин, свічковий лак; \r\n- Оригінальна коробка (ціна коробки входить у вартість замовлення)\r\nМожливі інші кольори під замовлення', 1, 'У62.jpg', 98, 'yellow', 'polyhedron'),
(99, 'Різьблена фіолетова свічка', 'Різьблена фіолетова свічка', 'різьблена свічка ручної роботи У63, свічка Львів, свічка Самбір, свічка Дрогобич, свічка Добромиль, свічка Тручкавець', 'Різьблена свічка У63, виготовлена вручну з високоякісного харчового парафіну П-2 у студії Марії Герасимлюк. Червоний, зелений, жовтий, білий, фіолетовий, рожевий, синій, коричневий та інші кольори', 'У63', '160.00', 'Опис:\r\n- кольори: фіолетовий, білий;\r\n- висота: 16 см;\r\n- Матеріали: харчовий парафін П-2, стеарин, свічковий лак; \r\n- Оригінальна коробка (ціна коробки входить у вартість замовлення)\r\nМожливі інші кольори під замовлення', 1, 'У63.jpg', 99, 'linguee', 'polyhedron'),
(100, 'Синьо-фіолетова різьблена свічка', 'Синьо-фіолетова різьблена свічка', 'різьблена свічка ручної роботи У64, свічка Львів, свічка Самбір, свічка Дрогобич, свічка Добромиль, свічка Тручкавець', 'Різьблена свічка У64, виготовлена вручну з високоякісного харчового парафіну П-2 у студії Марії Герасимлюк. Червоний, зелений, жовтий, білий, фіолетовий, рожевий, синій, коричневий та інші кольори', 'У64', '125.00', 'Опис:\r\n- кольори: фіолетовий, білий;\r\n- висота: 13 см;\r\n- Матеріали: харчовий парафін П-2, стеарин, свічковий лак; \r\n- Оригінальна коробка (ціна коробки входить у вартість замовлення)\r\nМожливі інші кольори під замовлення', 1, 'У64.jpg', 100, 'blue', 'polyhedron'),
(101, 'Блідо-зелена свічка ручної роботи', 'Блідо-зелена свічка ручної роботи', 'різьблена свічка ручної роботи У65, свічка Львів, свічка Самбір, свічка Дрогобич, свічка Добромиль, свічка Тручкавець', 'Різьблена свічка У65, виготовлена вручну з високоякісного харчового парафіну П-2 у студії Марії Герасимлюк. Червоний, зелений, жовтий, білий, фіолетовий, рожевий, синій, коричневий та інші кольори', 'У65', '115.00', 'Опис:\r\n- кольори: блакитний, зелений;\r\n- висота: 12 см;\r\n- Матеріали: харчовий парафін П-2, стеарин, свічковий лак; \r\n- Оригінальна коробка (ціна коробки входить у вартість замовлення)\r\nМожливі інші кольори під замовлення', 1, 'У65.jpg', 101, '', ''),
(102, 'Універсальна світло-червона свічка', 'Універсальна світло-червона свічка', 'різьблена свічка ручної роботи У66, свічка Львів, свічка Самбір, свічка Дрогобич, свічка Добромиль, свічка Тручкавець', 'Різьблена свічка У66, виготовлена вручну з високоякісного харчового парафіну П-2 у студії Марії Герасимлюк. Червоний, зелений, жовтий, білий, фіолетовий, рожевий, синій, коричневий та інші кольори', 'У66', '125.00', 'Опис:\r\n- кольори: фіолетовий, білий;\r\n- висота: 13 см;\r\n- Матеріали: харчовий парафін П-2, стеарин, свічковий лак; \r\n- Оригінальна коробка (ціна коробки входить у вартість замовлення)\r\nМожливі інші кольори під замовлення', 1, 'У66.jpg', 102, 'pink', 'polyhedron'),
(103, 'Червона різьблена свічка міні', 'Червона різьблена свічка міні', 'різьблена свічка ручної роботи У67, свічка Львів, свічка Самбір, свічка Дрогобич, свічка Добромиль, свічка Тручкавець', 'Різьблена свічка У67, виготовлена вручну з високоякісного харчового парафіну П-2 у студії Марії Герасимлюк. Червоний, зелений, жовтий, білий, фіолетовий, рожевий, синій, коричневий та інші кольори', 'У67', '90.00', 'Опис:\r\n- кольори: червоний, білий;\r\n- висота: 10 см;\r\n- Матеріали: харчовий парафін П-2, стеарин, свічковий лак; \r\n- Оригінальна коробка (ціна коробки входить у вартість замовлення)\r\nМожливі інші кольори під замовлення', 1, 'У67.jpg', 103, 'red', 'polyhedron'),
(104, 'Шестигранна чорна різьблена свічка', 'Шестигранна чорна різьблена свічка', 'різьблена свічка ручної роботи У68, свічка Львів, свічка Самбір, свічка Дрогобич, свічка Добромиль, свічка Тручкавець', 'Різьблена свічка У68, виготовлена вручну з високоякісного харчового парафіну П-2 у студії Марії Герасимлюк. Червоний, зелений, жовтий, білий, фіолетовий, рожевий, синій, коричневий та інші кольори', 'У68', '125.00', 'Опис:\r\n- кольори: чорний, білий;\r\n- висота: 13 см;\r\n- Матеріали: харчовий парафін П-2, стеарин, свічковий лак, намистини; \r\n- Оригінальна коробка (ціна коробки входить у вартість замовлення)\r\nМожливі інші кольори під замовлення', 1, 'У68.jpg', 104, 'black', 'polyhedron'),
(106, 'Фіолетова свічка міні', 'Фіолетова свічка міні', 'різьблена свічка ручної роботи У70, свічка Львів, свічка Самбір, свічка Дрогобич, свічка Добромиль, свічка Тручкавець', 'Різьблена свічка У70, виготовлена вручну з високоякісного харчового парафіну П-2 у студії Марії Герасимлюк. Червоний, зелений, жовтий, білий, фіолетовий, рожевий, синій, коричневий та інші кольори', 'У70', '90.00', 'Опис:\r\n- кольори: фіолетовий, чорний;\r\n- висота: 10 см;\r\n- Матеріали: харчовий парафін П-2, стеарин, свічковий лак, декоративні елементи; \r\n- Оригінальна коробка (ціна коробки входить у вартість замовлення)\r\nМожливі інші кольори під замовлення', 1, 'У70.jpg', 106, '', ''),
(108, 'Жовто-блакитна різьблена свічка', 'Жовто-блакитна різьблена свічка', 'різьблена свічка ручної роботи У72, свічка Львів, свічка Самбір, свічка Дрогобич, свічка Добромиль, свічка Тручкавець', 'Різьблена свічка У72, виготовлена вручну з високоякісного харчового парафіну П-2 у студії Марії Герасимлюк. Червоний, зелений, жовтий, білий, фіолетовий, рожевий, синій, коричневий та інші кольори', 'У72', '90.00', 'Опис:\r\n- кольори: жовтий, блакитний, білий;\r\n- висота: 10 см;\r\n- Матеріали: харчовий парафін П-2, стеарин, свічковий лак, намистини; \r\n- Оригінальна коробка (ціна коробки входить у вартість замовлення)\r\nМожливі інші кольори під замовлення', 1, 'У72.jpg', 108, 'yellow', 'polyhedron'),
(109, 'Різьблена свічка у яскраво-жовтих відтінках', 'Різьблена свічка у яскраво-жовтих відтінках', 'різьблена свічка ручної роботи У73, свічка Львів, свічка Самбір, свічка Дрогобич, свічка Добромиль, свічка Тручкавець', 'Різьблена свічка У73, виготовлена вручну з високоякісного харчового парафіну П-2 у студії Марії Герасимлюк. Червоний, зелений, жовтий, білий, фіолетовий, рожевий, синій, коричневий та інші кольори', 'У73', '90.00', 'Опис:\r\n- кольори: жовтий, білий;\r\n- висота: 10 см;\r\n- Матеріали: харчовий парафін П-2, стеарин, свічковий лак, намистини; \r\n- Оригінальна коробка (ціна коробки входить у вартість замовлення)\r\nМожливі інші кольори під замовлення', 1, 'У73.jpg', 109, 'yellow', 'polyhedron'),
(110, 'Різьблена свічка \"Морська хвиля\" міні', 'Різьблена свічка \"Морська хвиля\" міні', 'різьблена свічка ручної роботи У74, свічка Львів, свічка Самбір, свічка Дрогобич, свічка Добромиль, свічка Тручкавець', 'Різьблена свічка У74, виготовлена вручну з високоякісного харчового парафіну П-2 у студії Марії Герасимлюк. Червоний, зелений, жовтий, білий, фіолетовий, рожевий, синій, коричневий та інші кольори', 'У74', '90.00', 'Опис:\r\n- кольори: світло-блакитний, темно-зелений;\r\n- висота: 10 см;\r\n- Матеріали: харчовий парафін П-2, стеарин, свічковий лак; \r\n- Оригінальна коробка (ціна коробки входить у вартість замовлення)\r\nМожливі інші кольори під замовлення', 1, 'У74.jpg', 110, '', ''),
(111, 'Біло-червона різьблена свічка міні', 'Біло-червона різьблена свічка міні', 'різьблена свічка ручної роботи У75, свічка Львів, свічка Самбір, свічка Дрогобич, свічка Добромиль, свічка Тручкавець', 'Різьблена свічка У75, виготовлена вручну з високоякісного харчового парафіну П-2 у студії Марії Герасимлюк. Червоний, зелений, жовтий, білий, фіолетовий, рожевий, синій, коричневий та інші кольори', 'У75', '90.00', 'Опис:\r\n- кольори: білий, червоний;\r\n- висота: 10 см;\r\n- Матеріали: харчовий парафін П-2, стеарин, свічковий лак; \r\n- Оригінальна коробка (ціна коробки входить у вартість замовлення)\r\nМожливі інші кольори під замовлення', 1, 'У75.jpg', 111, '', ''),
(112, 'Художня зелена свічка міні', 'Художня зелена свічка міні', 'різьблена свічка ручної роботи У76, свічка Львів, свічка Самбір, свічка Дрогобич, свічка Добромиль, свічка Тручкавець', 'Різьблена свічка У76, виготовлена вручну з високоякісного харчового парафіну П-2 у студії Марії Герасимлюк. Червоний, зелений, жовтий, білий, фіолетовий, рожевий, синій, коричневий та інші кольори', 'У76', '90.00', 'Опис:\r\n- кольори: зелений, білий;\r\n- висота: 10 см;\r\n- Матеріали: харчовий парафін П-2, стеарин, свічковий лак; \r\n- Оригінальна коробка (ціна коробки входить у вартість замовлення)\r\nМожливі інші кольори під замовлення', 1, 'У76.jpg', 112, 'green', 'polyhedron'),
(113, 'Блакитна різьблена свічка', 'Блакитна різьблена свічка', 'різьблена свічка ручної роботи У77, свічка Львів, свічка Самбір, свічка Дрогобич, свічка Добромиль, свічка Тручкавець', 'Різьблена свічка У77, виготовлена вручну з високоякісного харчового парафіну П-2 у студії Марії Герасимлюк. Червоний, зелений, жовтий, білий, фіолетовий, рожевий, синій, коричневий та інші кольори', 'У77', '90.00', 'Опис:\r\n- кольори: чорний, білий;\r\n- висота: 10 см;\r\n- Матеріали: харчовий парафін П-2, стеарин, свічковий лак; \r\n- Оригінальна коробка (ціна коробки входить у вартість замовлення)\r\nМожливі інші кольори під замовлення', 1, 'У77.jpg', 113, 'blue', 'polyhedron'),
(114, 'Різьблена свічка у патріотичних синьо-жовтих тонах', 'Різьблена свічка у патріотичних синьо-жовтих тонах', 'різьблена свічка ручної роботи У78, свічка Львів, свічка Самбір, свічка Дрогобич, свічка Добромиль, свічка Тручкавець', 'Різьблена свічка У78, виготовлена вручну з високоякісного харчового парафіну П-2 у студії Марії Герасимлюк. Червоний, зелений, жовтий, білий, фіолетовий, рожевий, синій, коричневий та інші кольори', 'У78', '295.00', 'Опис:\r\n- кольори: синій, рожевий;\r\n- висота: 21 см;\r\n- Матеріали: харчовий парафін П-2, стеарин, свічковий лак; \r\n- Оригінальна коробка (ціна коробки входить у вартість замовлення)\r\nМожливі інші кольори під замовлення', 1, 'У78.jpg', 114, '', ''),
(118, 'Універсальна чорна свічка міні', 'Універсальна чорна свічка міні', 'різьблена свічка ручної роботи У83, свічка Львів, свічка Самбір, свічка Дрогобич, свічка Добромиль, свічка Тручкавець', 'Різьблена свічка У83, виготовлена вручну з високоякісного харчового парафіну П-2 у студії Марії Герасимлюк. Червоний, зелений, жовтий, білий, фіолетовий, рожевий, синій, коричневий та інші кольори', 'У83', '90.00', 'Опис:\r\n- кольори: чорний, білий;\r\n- висота: 10 см;\r\n- Матеріали: харчовий парафін П-2, стеарин, свічковий лак, намистини; \r\n- Оригінальна коробка (ціна коробки входить у вартість замовлення)\r\nМожливі інші кольори під замовлення', 1, 'У83.jpg', 118, 'black', 'polyhedron'),
(119, 'Блакитна свічка міні ', 'Блакитна свічка міні ', 'різьблена свічка ручної роботи У84, свічка Львів, свічка Самбір, свічка Дрогобич, свічка Добромиль, свічка Тручкавець', 'Різьблена свічка У84, виготовлена вручну з високоякісного харчового парафіну П-2 у студії Марії Герасимлюк. Червоний, зелений, жовтий, білий, фіолетовий, рожевий, синій, коричневий та інші кольори', 'У84', '90.00', 'Опис:\r\n- кольори: блакитний, білий;\r\n- висота: 10 см;\r\n- Матеріали: харчовий парафін П-2, стеарин, свічковий лак; \r\n- Оригінальна коробка (ціна коробки входить у вартість замовлення)\r\nМожливі інші кольори під замовлення', 1, 'У84.jpg', 119, 'blue', 'polyhedron'),
(120, 'Різьблена свічка біло-червоного кольору', 'Різьблена свічка біло-червоного кольору', 'різьблена свічка ручної роботи У85, свічка Львів, свічка Самбір, свічка Дрогобич, свічка Добромиль, свічка Тручкавець', 'Різьблена свічка У85, виготовлена вручну з високоякісного харчового парафіну П-2 у студії Марії Герасимлюк. Червоний, зелений, жовтий, білий, фіолетовий, рожевий, синій, коричневий та інші кольори', 'У85', '90.00', 'Опис:\r\n- кольори: білий, червоний;\r\n- висота: 10 см;\r\n- Матеріали: харчовий парафін П-2, стеарин, свічковий лак; \r\n- Оригінальна коробка (ціна коробки входить у вартість замовлення)\r\nМожливі інші кольори під замовлення', 1, 'У85.jpg', 120, '', ''),
(124, 'Різьблена зелена свічка міні', 'Різьблена зелена свічка міні', 'різьблена свічка ручної роботи У92, свічка Львів, свічка Самбір, свічка Дрогобич, свічка Добромиль, свічка Тручкавець', 'Різьблена свічка У92, виготовлена вручну з високоякісного харчового парафіну П-2 у студії Марії Герасимлюк. Червоний, зелений, жовтий, білий, фіолетовий, рожевий, синій, коричневий та інші кольори', 'У92', '90.00', 'Опис:\r\n- кольори: зелений, білий;\r\n- висота: 10 см;\r\n- Матеріали: харчовий парафін П-2, стеарин, свічковий лак; \r\n- Оригінальна коробка (ціна коробки входить у вартість замовлення)\r\nМожливі інші кольори під замовлення', 1, 'У92.jpg', 124, 'green', 'polyhedron'),
(125, 'Блакитно-зелена свічка ручної роботи', 'Блакитно-зелена свічка ручної роботи', 'різьблена свічка ручної роботи У93, свічка Львів, свічка Самбір, свічка Дрогобич, свічка Добромиль, свічка Тручкавець', 'Різьблена свічка У93, виготовлена вручну з високоякісного харчового парафіну П-2 у студії Марії Герасимлюк. Червоний, зелений, жовтий, білий, фіолетовий, рожевий, синій, коричневий та інші кольори', 'У93', '90.00', 'Опис:\r\n- кольори: блакитний, салатовий;\r\n- висота: 10 см;\r\n- Матеріали: харчовий парафін П-2, стеарин, свічковий лак, намистини; \r\n- Оригінальна коробка (ціна коробки входить у вартість замовлення)\r\nМожливі інші кольори під замовлення', 1, 'У93.jpg', 125, '', ''),
(127, 'Різьблена свічка фіолетово-рожевого кольору', 'Різьблена свічка фіолетово-рожевого кольору', 'різьблена свічка ручної роботи У95, свічка Львів, свічка Самбір, свічка Дрогобич, свічка Добромиль, свічка Тручкавець', 'Різьблена свічка У95, виготовлена вручну з високоякісного харчового парафіну П-2 у студії Марії Герасимлюк. Червоний, зелений, жовтий, білий, фіолетовий, рожевий, синій, коричневий та інші кольори', 'У95', '90.00', 'Опис:\r\n- кольори: фіолетовий, рожевий;\r\n- висота: 10 см;\r\n- Матеріали: харчовий парафін П-2, стеарин, свічковий лак; \r\n- Оригінальна коробка (ціна коробки входить у вартість замовлення)\r\nМожливі інші кольори під замовлення', 1, 'У95.jpg', 127, '', ''),
(129, 'Синьо-зелена різьблена свічка', 'Синьо-зелена різьблена свічка', 'різьблена свічка ручної роботи У98, свічка Львів, свічка Самбір, свічка Дрогобич, свічка Добромиль, свічка Тручкавець', 'Різьблена свічка У98, виготовлена вручну з високоякісного харчового парафіну П-2 у студії Марії Герасимлюк. Червоний, зелений, жовтий, білий, фіолетовий, рожевий, синій, коричневий та інші кольори', 'У98', '90.00', 'Опис:\r\n- кольори: блакитний, салатовий;\r\n- висота: 10 см;\r\n- Матеріали: харчовий парафін П-2, стеарин, свічковий лак; \r\n- Оригінальна коробка (ціна коробки входить у вартість замовлення)\r\nМожливі інші кольори під замовлення', 1, 'У98.jpg', 129, '', ''),
(130, 'Різьблена свічка синьо-жовтого відтінку', 'Різьблена свічка синьо-жовтого відтінку', 'різьблена свічка ручної роботи У99, свічка Львів, свічка Самбір, свічка Дрогобич, свічка Добромиль, свічка Тручкавець', 'Різьблена свічка У99, виготовлена вручну з високоякісного харчового парафіну П-2 у студії Марії Герасимлюк. Червоний, зелений, жовтий, білий, фіолетовий, рожевий, синій, коричневий та інші кольори', 'У99', '90.00', 'Опис:\r\n- кольори: синій, салатовий;\r\n- висота: 10 см;\r\n- Матеріали: харчовий парафін П-2, стеарин, свічковий лак; \r\n- Оригінальна коробка (ціна коробки входить у вартість замовлення)\r\nМожливі інші кольори під замовлення', 1, 'У99.jpg', 130, '', ''),
(131, 'Висока червона свічка ручної роботи', 'Висока червона свічка ручної роботи', 'різьблена свічка ручної роботи У100, свічка Львів, свічка Самбір, свічка Дрогобич, свічка Добромиль, свічка Тручкавець', 'Різьблена свічка У100, виготовлена вручну з високоякісного харчового парафіну П-2 у студії Марії Герасимлюк. Червоний, зелений, жовтий, білий, фіолетовий, рожевий, синій, коричневий та інші кольори', 'У100', '200.00', 'Опис:\r\n- кольори: червоний, білий;\r\n- висота: 21 см;\r\n- Матеріали: харчовий парафін П-2, стеарин, свічковий лак; \r\n- Оригінальна коробка (ціна коробки входить у вартість замовлення)\r\nМожливі інші кольори під замовлення', 1, 'У100.jpg', 131, 'red', 'polyhedron'),
(133, 'Висока різьблена свічка темно- червоного забарвлення', 'Висока різьблена свічка темно- червоного забарвлення', 'різьблена свічка ручної роботи У103, свічка Львів, свічка Самбір, свічка Дрогобич, свічка Добромиль, свічка Тручкавець', 'Різьблена свічка У103, виготовлена вручну з високоякісного харчового парафіну П-2 у студії Марії Герасимлюк. Червоний, зелений, жовтий, білий, фіолетовий, рожевий, синій, коричневий та інші кольори', 'У103', '200.00', 'Опис:\r\n- кольори: чорний, темно-червоний, білий;\r\n- висота: 21 см;\r\n- Матеріали: харчовий парафін П-2, стеарин, свічковий лак; \r\n- Оригінальна коробка (ціна коробки входить у вартість замовлення)\r\nМожливі інші кольори під замовлення', 1, 'У103.jpg', 133, 'black', 'polyhedron'),
(134, 'Різьблена свічка сірого кольору', 'Різьблена свічка сірого кольору', 'різьблена свічка ручної роботи У104, свічка Львів, свічка Самбір, свічка Дрогобич, свічка Добромиль, свічка Тручкавець', 'Різьблена свічка У104, виготовлена вручну з високоякісного харчового парафіну П-2 у студії Марії Герасимлюк. Червоний, зелений, жовтий, білий, фіолетовий, рожевий, синій, коричневий та інші кольори', 'У104', '160.00', 'Опис:\r\n- кольори: сірий, темно-рожевий,  білий;\r\n- висота: 16 см;\r\n- Матеріали: харчовий парафін П-2, стеарин, свічковий лак; \r\n- Оригінальна коробка (ціна коробки входить у вартість замовлення)\r\nМожливі інші кольори під замовлення', 1, 'У104.jpg', 134, 'black', 'polyhedron'),
(136, 'Свічка ручної роботи червоного кольору міні', 'Свічка ручної роботи червоного кольору міні', 'різьблена свічка ручної роботи У107, свічка Львів, свічка Самбір, свічка Дрогобич, свічка Добромиль, свічка Тручкавець', 'Різьблена свічка У107, виготовлена вручну з високоякісного харчового парафіну П-2 у студії Марії Герасимлюк. Червоний, зелений, жовтий, білий, фіолетовий, рожевий, синій, коричневий та інші кольори', 'У107', '90.00', 'Опис:\r\n- кольори: червоний, білий;\r\n- висота: 10 см;\r\n- Матеріали: харчовий парафін П-2, стеарин, свічковий лак; \r\n- Оригінальна коробка (ціна коробки входить у вартість замовлення)\r\nМожливі інші кольори під замовлення', 1, 'У107.jpg', 136, 'red', 'polyhedron'),
(138, 'Рожево-чорна шестигранна різьблена свічка', 'Рожево-чорна шестигранна різьблена свічка', 'різьблена свічка ручної роботи У109, свічка Львів, свічка Самбір, свічка Дрогобич, свічка Добромиль, свічка Тручкавець', 'Різьблена свічка У109, виготовлена вручну з високоякісного харчового парафіну П-2 у студії Марії Герасимлюк. Червоний, зелений, жовтий, білий, фіолетовий, рожевий, синій, коричневий та інші кольори', 'У109', '300.00', 'Опис:\r\n- кольори: чорний, рожевий, оранжевий;\r\n- висота: 20 см;\r\n- Матеріали: харчовий парафін П-2, стеарин, свічковий лак, намистини; \r\n- Оригінальна коробка (ціна коробки входить у вартість замовлення)\r\nМожливі інші кольори під замовлення', 1, 'У109.jpg', 138, '', ''),
(139, 'Рожево-чорна свічка з худим верхом', 'Рожево-чорна свічка з худим верхом', 'різьблена свічка ручної роботи У110, свічка Львів, свічка Самбір, свічка Дрогобич, свічка Добромиль, свічка Тручкавець', 'Різьблена свічка У110, виготовлена вручну з високоякісного харчового парафіну П-2 у студії Марії Герасимлюк. Червоний, зелений, жовтий, білий, фіолетовий, рожевий, синій, коричневий та інші кольори', 'У110', '115.00', 'Опис:\r\n- кольори: чорний, рожевий, оранжевий;\r\n- висота: 12 см;\r\n- Матеріали: харчовий парафін П-2, стеарин, свічковий лак, намистини; \r\n- Оригінальна коробка (ціна коробки входить у вартість замовлення)\r\nМожливі інші кольори під замовлення', 1, 'У110.jpg', 139, '', ''),
(142, 'Висока різьблена чорно-біла свічка', 'Висока різьблена чорно-біла свічка', 'різьблена свічка ручної роботи У114, свічка Львів, свічка Самбір, свічка Дрогобич, свічка Добромиль, свічка Тручкавець', 'Різьблена свічка У114, виготовлена вручну з високоякісного харчового парафіну П-2 у студії Марії Герасимлюк. Червоний, зелений, жовтий, білий, фіолетовий, рожевий, синій, коричневий та інші кольори', 'У114', '200.00', 'Опис:\r\n- кольори: чорний, білий;\r\n- висота: 21 см;\r\n- Матеріали: харчовий парафін П-2, стеарин, свічковий лак, намистини; \r\n- Оригінальна коробка (ціна коробки входить у вартість замовлення)\r\nМожливі інші кольори під замовлення', 1, 'У114.jpg', 142, 'black', 'polyhedron'),
(145, 'Різнокольорова стрітенська свічка', 'Різнокольорова стрітенська свічка', 'різьблена свічка ручної роботи У121, свічка Львів, свічка Самбір, свічка Дрогобич, свічка Добромиль, свічка Тручкавець', 'Різьблена свічка У121, виготовлена вручну з високоякісного харчового парафіну П-2 у студії Марії Герасимлюк. Червоний, зелений, жовтий, білий, фіолетовий, рожевий, синій, коричневий та інші кольори', 'У121', '75.00', 'Опис:\r\n- кольори: темно-зелений, оранжевий, рожевий, жовтий;\r\n- висота: 24,5 см;\r\n- Матеріали: харчовий парафін П-2, стеарин, свічковий лак; \r\nМожливі інші кольори під замовлення', 1, 'У121.jpg', 145, '', ''),
(148, 'Висока різьблена свічка оранжевого кольору', 'Висока різьблена свічка оранжевого кольору', 'різьблена свічка ручної роботи У127, свічка Львів, свічка Самбір, свічка Дрогобич, свічка Добромиль, свічка Тручкавець', 'Різьблена свічка У127, виготовлена вручну з високоякісного харчового парафіну П-2 у студії Марії Герасимлюк. Червоний, зелений, жовтий, білий, фіолетовий, рожевий, синій, коричневий та інші кольори', 'У127', '200.00', 'Опис:\r\n- кольори: оранжевий;\r\n- висота: 21 см;\r\n- Матеріали: харчовий парафін П-2, стеарин, свічковий лак, намистини; \r\n- Оригінальна коробка (ціна коробки входить у вартість замовлення)\r\nМожливі інші кольори під замовлення', 1, 'У127.jpg', 148, 'orange', 'polyhedron'),
(149, 'Зелено-оранжева свічка ручної роботи', 'Зелено-оранжева свічка ручної роботи', 'різьблена свічка ручної роботи У128, свічка Львів, свічка Самбір, свічка Дрогобич, свічка Добромиль, свічка Тручкавець', 'Різьблена свічка У128, виготовлена вручну з високоякісного харчового парафіну П-2 у студії Марії Герасимлюк. Червоний, зелений, жовтий, білий, фіолетовий, рожевий, синій, коричневий та інші кольори', 'У128', '200.00', 'Опис:\r\n- кольори: оранжевий, зелений, рожевий, білий;\r\n- висота: 21 см;\r\n- Матеріали: харчовий парафін П-2, стеарин, свічковий лак; \r\n- Оригінальна коробка (ціна коробки входить у вартість замовлення)\r\nМожливі інші кольори під замовлення', 1, 'У128.jpg', 149, 'orange', 'polyhedron'),
(150, 'Висока різьблена свічка ручної роботи', 'Висока різьблена свічка ручної роботи', 'різьблена свічка ручної роботи У129, свічка Львів, свічка Самбір, свічка Дрогобич, свічка Добромиль, свічка Тручкавець', 'Різьблена свічка У129, виготовлена вручну з високоякісного харчового парафіну П-2 у студії Марії Герасимлюк. Червоний, зелений, жовтий, білий, фіолетовий, рожевий, синій, коричневий та інші кольори', 'У129', '200.00', 'Опис:\r\n- кольори: білий, червоний, зелений;\r\n- висота: 21 см;\r\n- Матеріали: харчовий парафін П-2, стеарин, свічковий лак; \r\n- Оригінальна коробка (ціна коробки входить у вартість замовлення)\r\nМожливі інші кольори під замовлення', 1, 'У129.jpg', 150, '', ''),
(152, 'Фіолетова різьблена свічка з намистинами', 'Фіолетова різьблена свічка з намистинами', 'різьблена свічка ручної роботи У133, свічка Львів, свічка Самбір, свічка Дрогобич, свічка Добромиль, свічка Тручкавець', 'Різьблена свічка У133, виготовлена вручну з високоякісного харчового парафіну П-2 у студії Марії Герасимлюк. Червоний, зелений, жовтий, білий, фіолетовий, рожевий, синій, коричневий та інші кольори', 'У133', '115.00', 'Опис:\r\n- кольори: фіолетовий, білий;\r\n- висота: 12 см;\r\n- Матеріали: харчовий парафін П-2, стеарин, свічковий лак, намистини; \r\n- Оригінальна коробка (ціна коробки входить у вартість замовлення)\r\nМожливі інші кольори під замовлення', 1, 'У133.jpg', 152, 'pink', 'polyhedron'),
(154, 'Різьблена свічка рожево-блакитного відтінку', 'Різьблена свічка рожево-блакитного відтінку', 'різьблена свічка ручної роботи У135, свічка Львів, свічка Самбір, свічка Дрогобич, свічка Добромиль, свічка Тручкавець', 'Різьблена свічка У135, виготовлена вручну з високоякісного харчового парафіну П-2 у студії Марії Герасимлюк. Червоний, зелений, жовтий, білий, фіолетовий, рожевий, синій, коричневий та інші кольори', 'У135', '160.00', 'Опис:\r\n- кольори: блакитний, оранжевий, світло-рожевий;\r\n- висота: 16 см;\r\n- Матеріали: харчовий парафін П-2, стеарин, свічковий лак, намистини; \r\n- Оригінальна коробка (ціна коробки входить у вартість замовлення)\r\nМожливі інші кольори під замовлення', 1, 'У135.jpg', 154, 'orange', 'polyhedron'),
(155, 'Висока зелено-біла свічка ручної роботи', 'Висока зелено-біла свічка ручної роботи', 'різьблена свічка ручної роботи У136, свічка Львів, свічка Самбір, свічка Дрогобич, свічка Добромиль, свічка Тручкавець', 'Різьблена свічка У136, виготовлена вручну з високоякісного харчового парафіну П-2 у студії Марії Герасимлюк. Червоний, зелений, жовтий, білий, фіолетовий, рожевий, синій, коричневий та інші кольори', 'У136', '200.00', 'Опис:\r\n- кольори: зелений, білий, червоний;\r\n- висота: 21 см;\r\n- Матеріали: харчовий парафін П-2, стеарин, свічковий лак; \r\n- Оригінальна коробка (ціна коробки входить у вартість замовлення)\r\nМожливі інші кольори під замовлення', 1, 'У136.jpg', 155, '', ''),
(157, 'Шестигранна фіолетова різьблена свічка', 'Шестигранна фіолетова різьблена свічка', 'різьблена свічка ручної роботи У138, свічка Львів, свічка Самбір, свічка Дрогобич, свічка Добромиль, свічка Тручкавець', 'Різьблена свічка У138, виготовлена вручну з високоякісного харчового парафіну П-2 у студії Марії Герасимлюк. Червоний, зелений, жовтий, білий, фіолетовий, рожевий, синій, коричневий та інші кольори', 'У138', '300.00', 'Опис:\r\n- кольори: фіолетовий, білий;\r\n- висота: 20 см;\r\n- Матеріали: харчовий парафін П-2, стеарин, свічковий лак, намистини; \r\n- Оригінальна коробка (ціна коробки входить у вартість замовлення)\r\nМожливі інші кольори під замовлення', 1, 'У138.jpg', 157, 'linguee', 'polyhedron'),
(158, 'Різьблена жовта свічка з намистинами', 'Різьблена жовта свічка з намистинами', 'різьблена свічка ручної роботи У139, свічка Львів, свічка Самбір, свічка Дрогобич, свічка Добромиль, свічка Тручкавець', 'Різьблена свічка У139, виготовлена вручну з високоякісного харчового парафіну П-2 у студії Марії Герасимлюк. Червоний, зелений, жовтий, білий, фіолетовий, рожевий, синій, коричневий та інші кольори', 'У139', '115.00', 'Опис:\r\n- кольори: жовтий, білий;\r\n- висота: 12 см;\r\n- Матеріали: харчовий парафін П-2, стеарин, свічковий лак, намистини; \r\n- Оригінальна коробка (ціна коробки входить у вартість замовлення)\r\nМожливі інші кольори під замовлення', 1, 'У139.jpg', 158, 'yellow', 'polyhedron'),
(159, 'Велика шестигранна свічка рожево-фіолетового кольору', 'Велика шестигранна свічка рожево-фіолетового кольору', 'різьблена свічка ручної роботи У140, свічка Львів, свічка Самбір, свічка Дрогобич, свічка Добромиль, свічка Тручкавець', 'Різьблена свічка У140, виготовлена вручну з високоякісного харчового парафіну П-2 у студії Марії Герасимлюк. Червоний, зелений, жовтий, білий, фіолетовий, рожевий, синій, коричневий та інші кольори', 'У140', '300.00', 'Опис:\r\n- кольори: рожевий, фіолетовий, білий;\r\n- висота: 20 см;\r\n- Матеріали: харчовий парафін П-2, стеарин, свічковий лак; \r\n- Оригінальна коробка (ціна коробки входить у вартість замовлення)\r\nМожливі інші кольори під замовлення', 1, 'У140.jpg', 159, 'pink', 'polyhedron'),
(160, 'Фіолетово-блакитна свічка ручної роботи', 'Фіолетово-блакитна свічка ручної роботи', 'різьблена свічка ручної роботи У141, свічка Львів, свічка Самбір, свічка Дрогобич, свічка Добромиль, свічка Тручкавець', 'Різьблена свічка У141, виготовлена вручну з високоякісного харчового парафіну П-2 у студії Марії Герасимлюк. Червоний, зелений, жовтий, білий, фіолетовий, рожевий, синій, коричневий та інші кольори', 'У141', '300.00', 'Опис:\r\n- кольори: фіолетовий, блакитний, білий;\r\n- висота: 20 см;\r\n- Матеріали: харчовий парафін П-2, стеарин, свічковий лак; \r\n- Оригінальна коробка (ціна коробки входить у вартість замовлення)\r\nМожливі інші кольори під замовлення', 1, 'У141.jpg', 160, 'linguee', 'polyhedron'),
(161, 'Шестигранна жовто-синя різьблена свічка', 'Шестигранна жовто-синя різьблена свічка', 'різьблена свічка ручної роботи У142, свічка Львів, свічка Самбір, свічка Дрогобич, свічка Добромиль, свічка Тручкавець', 'Різьблена свічка У142, виготовлена вручну з високоякісного харчового парафіну П-2 у студії Марії Герасимлюк. Червоний, зелений, жовтий, білий, фіолетовий, рожевий, синій, коричневий та інші кольори', 'У142', '300.00', 'Опис:\r\n- кольори: жовтий, синій, білий;\r\n- висота: 20 см;\r\n- Матеріали: харчовий парафін П-2, стеарин, свічковий лак; \r\n- Оригінальна коробка (ціна коробки входить у вартість замовлення)\r\nМожливі інші кольори під замовлення', 1, 'У142.jpg', 161, '', ''),
(163, 'Художня червоно-оранжева свічка', 'Художня червоно-оранжева свічка', 'різьблена свічка ручної роботи У144, свічка Львів, свічка Самбір, свічка Дрогобич, свічка Добромиль, свічка Тручкавець', 'Різьблена свічка У144, виготовлена вручну з високоякісного харчового парафіну П-2 у студії Марії Герасимлюк. Червоний, зелений, жовтий, білий, фіолетовий, рожевий, синій, коричневий та інші кольори', 'У144', '160.00', 'Опис:\r\n- кольори: червоний, оранжевий, білий;\r\n- висота: 16 см;\r\n- Матеріали: харчовий парафін П-2, стеарин, свічковий лак, намистини; \r\n- Оригінальна коробка (ціна коробки входить у вартість замовлення)\r\nМожливі інші кольори під замовлення', 1, 'У144.jpg', 163, 'red', 'polyhedron'),
(164, 'Художня свічка ручної роботи', 'Художня свічка ручної роботи', 'різьблена свічка ручної роботи У145, свічка Львів, свічка Самбір, свічка Дрогобич, свічка Добромиль, свічка Тручкавець', 'Різьблена свічка У145, виготовлена вручну з високоякісного харчового парафіну П-2 у студії Марії Герасимлюк. Червоний, зелений, жовтий, білий, фіолетовий, рожевий, синій, коричневий та інші кольори', 'У145', '160.00', 'Опис:\r\n- кольори: білий, червоний, зелений;\r\n- висота: 16 см;\r\n- Матеріали: харчовий парафін П-2, стеарин, свічковий лак; \r\n- Оригінальна коробка (ціна коробки входить у вартість замовлення)\r\nМожливі інші кольори під замовлення', 1, 'У145.jpg', 164, '', ''),
(165, 'Різьблена свічка рожево-зеленого кольору', 'Різьблена свічка рожево-зеленого кольору', 'різьблена свічка ручної роботи У146, свічка Львів, свічка Самбір, свічка Дрогобич, свічка Добромиль, свічка Тручкавець', 'Різьблена свічка У146, виготовлена вручну з високоякісного харчового парафіну П-2 у студії Марії Герасимлюк. Червоний, зелений, жовтий, білий, фіолетовий, рожевий, синій, коричневий та інші кольори', 'У146', '125.00', 'Опис:\r\n- кольори: рожевий, зелений;\r\n- висота: 13 см;\r\n- Матеріали: харчовий парафін П-2, стеарин, свічковий лак; \r\n- Оригінальна коробка (ціна коробки входить у вартість замовлення)\r\nМожливі інші кольори під замовлення', 1, 'У146.jpg', 165, 'pink', 'polyhedron'),
(166, 'Блідо-зелена художня свічка', 'Блідо-зелена художня свічка', 'різьблена свічка ручної роботи У147, свічка Львів, свічка Самбір, свічка Дрогобич, свічка Добромиль, свічка Тручкавець', 'Різьблена свічка У147, виготовлена вручну з високоякісного харчового парафіну П-2 у студії Марії Герасимлюк. Червоний, зелений, жовтий, білий, фіолетовий, рожевий, синій, коричневий та інші кольори', 'У147', '115.00', 'Опис:\r\n- кольори: світло-зелений, білий;\r\n- висота: 12 см;\r\n- Матеріали: харчовий парафін П-2, стеарин, свічковий лак; \r\n- Оригінальна коробка (ціна коробки входить у вартість замовлення)\r\nМожливі інші кольори під замовлення', 1, 'У147.jpg', 166, 'green', 'polyhedron'),
(168, 'Зелено-біла свічка ручної роботи', 'Зелено-біла свічка ручної роботи', 'різьблена свічка ручної роботи У149, свічка Львів, свічка Самбір, свічка Дрогобич, свічка Добромиль, свічка Тручкавець', 'Різьблена свічка У149, виготовлена вручну з високоякісного харчового парафіну П-2 у студії Марії Герасимлюк. Червоний, зелений, жовтий, білий, фіолетовий, рожевий, синій, коричневий та інші кольори', 'У149', '125.00', 'Опис:\r\n- кольори: зелений, білий;\r\n- висота: 13 см;\r\n- Матеріали: харчовий парафін П-2, стеарин, свічковий лак, намистини; \r\n- Оригінальна коробка (ціна коробки входить у вартість замовлення)\r\nМожливі інші кольори під замовлення', 1, 'У149.jpg', 168, 'green', 'polyhedron'),
(169, 'Синьо-жовта різьблена свічкка ручної роботи', 'Синьо-жовта різьблена свічкка ручної роботи', 'різьблена свічка ручної роботи У150, свічка Львів, свічка Самбір, свічка Дрогобич, свічка Добромиль, свічка Тручкавець', 'Різьблена свічка У150, виготовлена вручну з високоякісного харчового парафіну П-2 у студії Марії Герасимлюк. Червоний, зелений, жовтий, білий, фіолетовий, рожевий, синій, коричневий та інші кольори', 'У150', '125.00', 'Опис:\r\n- кольори: жовтий, синій, білий;\r\n- висота: 13 см;\r\n- Матеріали: харчовий парафін П-2, стеарин, свічковий лак; \r\n- Оригінальна коробка (ціна коробки входить у вартість замовлення)\r\nМожливі інші кольори під замовлення', 1, 'У150.jpg', 169, '', ''),
(170, 'Висока зелено-оранжева свічка', 'Висока зелено-оранжева свічка', 'різьблена свічка ручної роботи У151, свічка Львів, свічка Самбір, свічка Дрогобич, свічка Добромиль, свічка Тручкавець', 'Різьблена свічка У151, виготовлена вручну з високоякісного харчового парафіну П-2 у студії Марії Герасимлюк. Червоний, зелений, жовтий, білий, фіолетовий, рожевий, синій, коричневий та інші кольори', 'У151', '200.00', 'Опис:\r\n- кольори: оранжевый, зеленый, розовый;\r\n- висота: 21 см;\r\n- Матеріали: харчовий парафін П-2, стеарин, свічковий лак; \r\n- Оригінальна коробка (ціна коробки входить у вартість замовлення)\r\nМожливі інші кольори під замовлення', 1, 'У151.jpg', 170, '', ''),
(171, 'Фіолетово-зелена різьблена свічка', 'Фіолетово-зелена різьблена свічка', 'різьблена свічка ручної роботи У152, свічка Львів, свічка Самбір, свічка Дрогобич, свічка Добромиль, свічка Тручкавець', 'Різьблена свічка У152, виготовлена вручну з високоякісного харчового парафіну П-2 у студії Марії Герасимлюк. Червоний, зелений, жовтий, білий, фіолетовий, рожевий, синій, коричневий та інші кольори', 'У152', '115.00', 'Опис:\r\n- кольори: рожевий, зелений, фіолетовий;\r\n- висота: 12 см;\r\n- Матеріали: харчовий парафін П-2, стеарин, свічковий лак; \r\n- Оригінальна коробка (ціна коробки входить у вартість замовлення)\r\nМожливі інші кольори під замовлення', 1, 'У152.jpg', 171, 'pink', 'polyhedron'),
(172, 'Різьблена зелена свічка з намистинами', 'Різьблена зелена свічка з намистинами', 'різьблена свічка ручної роботи У153, свічка Львів, свічка Самбір, свічка Дрогобич, свічка Добромиль, свічка Тручкавець', 'Різьблена свічка У153, виготовлена вручну з високоякісного харчового парафіну П-2 у студії Марії Герасимлюк. Червоний, зелений, жовтий, білий, фіолетовий, рожевий, синій, коричневий та інші кольори', 'У153', '160.00', 'Опис:\r\n- кольори: зелений, світло-рожевий, жовтий;\r\n- висота: 16 см;\r\n- Матеріали: харчовий парафін П-2, стеарин, свічковий лак, намистини; \r\n- Оригінальна коробка (ціна коробки входить у вартість замовлення)\r\nМожливі інші кольори під замовлення', 1, 'У153.jpg', 172, 'green', 'polyhedron'),
(173, 'Рожева різьблена свічка ручної роботи', 'Рожева різьблена свічка ручної роботи', 'різьблена свічка ручної роботи У155, свічка Львів, свічка Самбір, свічка Дрогобич, свічка Добромиль, свічка Тручкавець', 'Різьблена свічка У155, виготовлена вручну з високоякісного харчового парафіну П-2 у студії Марії Герасимлюк. Червоний, зелений, жовтий, білий, фіолетовий, рожевий, синій, коричневий та інші кольори', 'У155', '115.00', 'Опис:\r\n- кольори: рожевий;\r\n- висота: 12 см;\r\n- Матеріали: харчовий парафін П-2, стеарин, свічковий лак; \r\n- Оригінальна коробка (ціна коробки входить у вартість замовлення)\r\nМожливі інші кольори під замовлення', 1, 'У155.jpg', 173, 'pink', 'polyhedron'),
(174, 'Різьблена свічка у патріотичних синьо-жовтих тонах', 'Різьблена свічка у патріотичних синьо-жовтих тонах', 'різьблена свічка ручної роботи У156, свічка Львів, свічка Самбір, свічка Дрогобич, свічка Добромиль, свічка Тручкавець', 'Різьблена свічка У156, виготовлена вручну з високоякісного харчового парафіну П-2 у студії Марії Герасимлюк. Червоний, зелений, жовтий, білий, фіолетовий, рожевий, синій, коричневий та інші кольори', 'У156', '115.00', 'Опис:\r\n- кольори: жовтий, синій;\r\n- висота: 12 см;\r\n- Матеріали: харчовий парафін П-2, стеарин, свічковий лак; \r\n- Оригінальна коробка (ціна коробки входить у вартість замовлення)\r\nМожливі інші кольори під замовлення', 1, 'У156.jpg', 174, '', ''),
(175, 'Синьо-жовта різьблена свічка', 'Синьо-жовта різьблена свічка', 'різьблена свічка ручної роботи У157, свічка Львів, свічка Самбір, свічка Дрогобич, свічка Добромиль, свічка Тручкавець', 'Різьблена свічка У157, виготовлена вручну з високоякісного харчового парафіну П-2 у студії Марії Герасимлюк. Червоний, зелений, жовтий, білий, фіолетовий, рожевий, синій, коричневий та інші кольори', 'У157', '115.00', 'Опис:\r\n- кольори: синій, жовтий;\r\n- висота: 12 см;\r\n- Матеріали: харчовий парафін П-2, стеарин, свічковий лак, намистини; \r\n- Оригінальна коробка (ціна коробки входить у вартість замовлення)\r\nМожливі інші кольори під замовлення', 1, 'У157.jpg', 175, '', ''),
(176, 'Художня оранжево-синя свічка з намистинами', 'Художня оранжево-синя свічка з намистинами', 'різьблена свічка ручної роботи У158, свічка Львів, свічка Самбір, свічка Дрогобич, свічка Добромиль, свічка Тручкавець', 'Різьблена свічка У158, виготовлена вручну з високоякісного харчового парафіну П-2 у студії Марії Герасимлюк. Червоний, зелений, жовтий, білий, фіолетовий, рожевий, синій, коричневий та інші кольори', 'У158', '115.00', 'Опис:\r\n- кольори: синій, оранжевий;\r\n- висота: 12 см;\r\n- Матеріали: харчовий парафін П-2, стеарин, свічковий лак; \r\n- Оригінальна коробка (ціна коробки входить у вартість замовлення)\r\nМожливі інші кольори під замовлення', 1, 'У158.jpg', 176, 'orange', 'polyhedron'),
(177, 'Велика восьмигранна різьблена свічкак оранжевого забарвлення', 'Велика восьмигранна різьблена свічкак оранжевого забарвлення', 'різьблена свічка ручної роботи У160, свічка Львів, свічка Самбір, свічка Дрогобич, свічка Добромиль, свічка Тручкавець', 'Різьблена свічка У160, виготовлена вручну з високоякісного харчового парафіну П-2 у студії Марії Герасимлюк. Червоний, зелений, жовтий, білий, фіолетовий, рожевий, синій, коричневий та інші кольори', 'У160', '295.00', 'Опис:\r\n- кольори: оранжевий;\r\n- висота: 21 см;\r\n- Матеріали: харчовий парафін П-2, стеарин, свічковий лак; \r\n- Оригінальна коробка (ціна коробки входить у вартість замовлення)\r\nМожливі інші кольори під замовлення', 1, 'У160.jpg', 177, 'orange', 'polyhedron'),
(178, 'Восьмигранна висока зелена свічка рунчої роботи', 'Восьмигранна висока зелена свічка рунчої роботи', 'різьблена свічка ручної роботи У162, свічка Львів, свічка Самбір, свічка Дрогобич, свічка Добромиль, свічка Тручкавець', 'Різьблена свічка У162, виготовлена вручну з високоякісного харчового парафіну П-2 у студії Марії Герасимлюк. Червоний, зелений, жовтий, білий, фіолетовий, рожевий, синій, коричневий та інші кольори', 'У162', '295.00', 'Опис:\r\n- кольори: зелений, червоний, білий;\r\n- висота: 21 см;\r\n- Матеріали: харчовий парафін П-2, стеарин, свічковий лак; \r\n- Оригінальна коробка (ціна коробки входить у вартість замовлення)\r\nМожливі інші кольори під замовлення', 1, 'У162.jpg', 178, '', ''),
(179, 'Різьблена свічка темно-синя з переходом в білий колір', 'Різьблена свічка темно-синя з переходом в білий колір', 'різьблена свічка ручної роботи У164, свічка Львів, свічка Самбір, свічка Дрогобич, свічка Добромиль, свічка Тручкавець', 'Різьблена свічка У164, виготовлена вручну з високоякісного харчового парафіну П-2 у студії Марії Герасимлюк. Червоний, зелений, жовтий, білий, фіолетовий, рожевий, синій, коричневий та інші кольори', 'У164', '125.00', 'Опис:\r\n- кольори: темно-синій, білий;\r\n- висота: 13 см;\r\n- Матеріали: харчовий парафін П-2, стеарин, свічковий лак; \r\n- Оригінальна коробка (ціна коробки входить у вартість замовлення)\r\nМожливі інші кольори під замовлення', 1, 'У164.jpg', 179, 'linguee', 'polyhedron'),
(180, 'Вишнево-біла свічка ручної роботи', 'Вишнево-біла свічка ручної роботи', 'різьблена свічка ручної роботи У165, свічка Львів, свічка Самбір, свічка Дрогобич, свічка Добромиль, свічка Тручкавець', 'Різьблена свічка У165, виготовлена вручну з високоякісного харчового парафіну П-2 у студії Марії Герасимлюк. Червоний, зелений, жовтий, білий, фіолетовий, рожевий, синій, коричневий та інші кольори', 'У165', '125.00', 'Опис:\r\n- кольори: вишневий, білий;\r\n- висота: 13 см;\r\n- Матеріали: харчовий парафін П-2, стеарин, свічковий лак, намистини; \r\n- Оригінальна коробка (ціна коробки входить у вартість замовлення)\r\nМожливі інші кольори під замовлення', 1, 'У165.jpg', 180, 'red', 'polyhedron'),
(181, 'Восьмигранна художня  світло-фіолетова свічка ', 'Восьмигранна художня  світло-фіолетова свічка ', 'різьблена свічка ручної роботи У166, свічка Львів, свічка Самбір, свічка Дрогобич, свічка Добромиль, свічка Тручкавець', 'Різьблена свічка У166, виготовлена вручну з високоякісного харчового парафіну П-2 у студії Марії Герасимлюк. Червоний, зелений, жовтий, білий, фіолетовий, рожевий, синій, коричневий та інші кольори', 'У166', '295.00', 'Опис:\r\n- кольори: світло-фіолетовий;\r\n- висота: 21 см;\r\n- Матеріали: харчовий парафін П-2, стеарин, свічковий лак; \r\n- Оригінальна коробка (ціна коробки входить у вартість замовлення)\r\nМожливі інші кольори під замовлення', 1, 'У166.jpg', 181, 'linguee', 'polyhedron'),
(184, 'Різьблена свічка у оранжевих тонах', 'Різьблена свічка у оранжевих тонах', 'різьблена свічка ручної роботи У171, свічка Львів, свічка Самбір, свічка Дрогобич, свічка Добромиль, свічка Тручкавець', 'Різьблена свічка У171, виготовлена вручну з високоякісного харчового парафіну П-2 у студії Марії Герасимлюк. Червоний, зелений, жовтий, білий, фіолетовий, рожевий, синій, коричневий та інші кольори', 'У171', '115.00', 'Опис:\r\n- кольори: оранжевий;\r\n- висота: 12 см;\r\n- Матеріали: харчовий парафін П-2, стеарин, свічковий лак, намистини; \r\n- Оригінальна коробка (ціна коробки входить у вартість замовлення)\r\nМожливі інші кольори під замовлення', 1, 'У171.jpg', 184, 'orange', 'polyhedron'),
(185, 'Велика червона різьблена свічка', 'Велика червоно різьблена свічка', 'різьблена свічка ручної роботи У173, свічка Львів, свічка Самбір, свічка Дрогобич, свічка Добромиль, свічка Тручкавець', 'Різьблена свічка У173, виготовлена вручну з високоякісного харчового парафіну П-2 у студії Марії Герасимлюк. Червоний, зелений, жовтий, білий, фіолетовий, рожевий, синій, коричневий та інші кольори', 'У173', '475.00', 'Опис:\r\n- кольори: червоний, білий;\r\n- висота: 25 см;\r\n- Матеріали: харчовий парафін П-2, стеарин, свічковий лак; \r\n- Оригінальна коробка (ціна коробки входить у вартість замовлення)\r\nМожливі інші кольори під замовлення', 1, 'У173.jpg', 185, 'red', 'polyhedron'),
(186, 'Шестигранна різьблена свічка в оранжевих тонах', 'Шестигранна різьблена свічка в оранжевих тонах', 'різьблена свічка ручної роботи У174, свічка Львів, свічка Самбір, свічка Дрогобич, свічка Добромиль, свічка Тручкавець', 'Різьблена свічка У174, виготовлена вручну з високоякісного харчового парафіну П-2 у студії Марії Герасимлюк. Червоний, зелений, жовтий, білий, фіолетовий, рожевий, синій, коричневий та інші кольори', 'У174', '300.00', 'Опис:\r\n- кольори: світло-оранжевий, білий;\r\n- висота: 20 см;\r\n- Матеріали: харчовий парафін П-2, стеарин, свічковий лак; \r\n- Оригінальна коробка (ціна коробки входить у вартість замовлення)\r\nМожливі інші кольори під замовлення', 1, 'У174.jpg', 186, 'orange', 'polyhedron'),
(187, 'Рожево-зелена різьблена свічка', 'Рожево-зелена різьблена свічка', 'різьблена свічка ручної роботи У175, свічка Львів, свічка Самбір, свічка Дрогобич, свічка Добромиль, свічка Тручкавець', 'Різьблена свічка У175, виготовлена вручну з високоякісного харчового парафіну П-2 у студії Марії Герасимлюк. Червоний, зелений, жовтий, білий, фіолетовий, рожевий, синій, коричневий та інші кольори', 'У175', '90.00', 'Опис:\r\n- кольори: рожевий, зелений;\r\n- висота: 10 см;\r\n- Матеріали: харчовий парафін П-2, стеарин, свічковий лак; \r\n- Оригінальна коробка (ціна коробки входить у вартість замовлення)\r\nМожливі інші кольори під замовлення', 1, 'У175.jpg', 187, '', ''),
(188, 'Різьблена свічка зеленого кольору', 'Різьблена свічка зеленого кольору', 'різьблена свічка ручної роботи У176, свічка Львів, свічка Самбір, свічка Дрогобич, свічка Добромиль, свічка Тручкавець', 'Різьблена свічка У176, виготовлена вручну з високоякісного харчового парафіну П-2 у студії Марії Герасимлюк. Червоний, зелений, жовтий, білий, фіолетовий, рожевий, синій, коричневий та інші кольори', 'У176', '115.00', 'Опис:\r\n- кольори: зелений;\r\n- висота: 12 см;\r\n- Матеріали: харчовий парафін П-2, стеарин, свічковий лак; \r\n- Оригінальна коробка (ціна коробки входить у вартість замовлення)\r\nМожливі інші кольори під замовлення', 1, 'У176.jpg', 188, 'green', 'polyhedron');
INSERT INTO `products` (`id`, `name`, `seo_title`, `seo_keywords`, `seo_description`, `code`, `price`, `description`, `available`, `photo`, `index`, `label`, `form`) VALUES
(189, 'Велика коричнева свічка з намистинами', 'Велика коричнева свічка з намистинами', 'різьблена свічка ручної роботи У177, свічка Львів, свічка Самбір, свічка Дрогобич, свічка Добромиль, свічка Тручкавець', 'Різьблена свічка У177, виготовлена вручну з високоякісного харчового парафіну П-2 у студії Марії Герасимлюк. Червоний, зелений, жовтий, білий, фіолетовий, рожевий, синій, коричневий та інші кольори', 'У177', '475.00', 'Опис:\r\n- кольори: коричневий, білий;\r\n- висота: 25 см;\r\n- Матеріали: харчовий парафін П-2, стеарин, свічковий лак, намистини; \r\n- Оригінальна коробка (ціна коробки входить у вартість замовлення)\r\nМожливі інші кольори під замовлення', 1, 'У177.jpg', 189, 'black', 'polyhedron'),
(193, 'Жовто-синя різьблена свічка ручної роботи', 'Жовто-синя різьблена свічка ручної роботи', 'різьблена свічка ручної роботи У183, свічка Львів, свічка Самбір, свічка Дрогобич, свічка Добромиль, свічка Тручкавець', 'Різьблена свічка У183, виготовлена вручну з високоякісного харчового парафіну П-2 у студії Марії Герасимлюк. Червоний, зелений, жовтий, білий, фіолетовий, рожевий, синій, коричневий та інші кольори', 'У183', '125.00', 'Опис:\r\n- кольори: жовтий, синій, білий;\r\n- висота: 13 см;\r\n- Матеріали: харчовий парафін П-2, стеарин, свічковий лак; \r\n- Оригінальна коробка (ціна коробки входить у вартість замовлення)\r\nМожливі інші кольори під замовлення', 1, 'У183.jpg', 193, 'yellow', 'polyhedron'),
(194, 'Художня рожево-зелена свічка ', 'Художня рожево-зелена свічка ', 'різьблена свічка ручної роботи У184, свічка Львів, свічка Самбір, свічка Дрогобич, свічка Добромиль, свічка Тручкавець', 'Різьблена свічка У184, виготовлена вручну з високоякісного харчового парафіну П-2 у студії Марії Герасимлюк. Червоний, зелений, жовтий, білий, фіолетовий, рожевий, синій, коричневий та інші кольори', 'У184', '125.00', 'Опис:\r\n- кольори: рожевий, зелений;\r\n- висота: 13 см;\r\n- Матеріали: харчовий парафін П-2, стеарин, свічковий лак; \r\n- Оригінальна коробка (ціна коробки входить у вартість замовлення)\r\nМожливі інші кольори під замовлення', 1, 'У184.jpg', 194, 'green', 'polyhedron'),
(195, 'Різьблена свічка жовто-білого кольору', 'Різьблена свічка жовто-біло кольору', 'різьблена свічка ручної роботи У185, свічка Львів, свічка Самбір, свічка Дрогобич, свічка Добромиль, свічка Тручкавець', 'Різьблена свічка У185, виготовлена вручну з високоякісного харчового парафіну П-2 у студії Марії Герасимлюк. Червоний, зелений, жовтий, білий, фіолетовий, рожевий, синій, коричневий та інші кольори', 'У185', '125.00', 'Опис:\r\n- кольори: жовтий, синій, білий;\r\n- висота: 12 см;\r\n- Матеріали: харчовий парафін П-2, стеарин, свічковий лак; \r\n- Оригінальна коробка (ціна коробки входить у вартість замовлення)\r\nМожливі інші кольори під замовлення', 1, 'У185.jpg', 195, 'yellow', 'polyhedron'),
(196, 'Висока вишнево-біла різьблена свічка', 'Висока вишнево-біла різьблена свічка', 'різьблена свічка ручної роботи У186, свічка Львів, свічка Самбір, свічка Дрогобич, свічка Добромиль, свічка Тручкавець', 'Різьблена свічка У186, виготовлена вручну з високоякісного харчового парафіну П-2 у студії Марії Герасимлюк. Червоний, зелений, жовтий, білий, фіолетовий, рожевий, синій, коричневий та інші кольори', 'У186', '200.00', 'Опис:\r\n- кольори: вишневий, білий;\r\n- висота: 21 см;\r\n- Матеріали: харчовий парафін П-2, стеарин, свічковий лак; \r\n- Оригінальна коробка (ціна коробки входить у вартість замовлення)\r\nМожливі інші кольори під замовлення', 1, 'У186.jpg', 196, '', ''),
(197, 'Художня свічка оранжево-синього відтінку ', 'Художня свічка оранжево-синього відтінку ', 'різьблена свічка ручної роботи У187, свічка Львів, свічка Самбір, свічка Дрогобич, свічка Добромиль, свічка Тручкавець', 'Різьблена свічка У187, виготовлена вручну з високоякісного харчового парафіну П-2 у студії Марії Герасимлюк. Червоний, зелений, жовтий, білий, фіолетовий, рожевий, синій, коричневий та інші кольори', 'У187', '90.00', 'Опис:\r\n- кольори: блакитний, оранжевий, світло-рожевий;\r\n- висота: 10 см;\r\n- Матеріали: харчовий парафін П-2, стеарин, свічковий лак; \r\n- Оригінальна коробка (ціна коробки входить у вартість замовлення)\r\nМожливі інші кольори під замовлення', 1, 'У187.jpg', 197, 'orange', 'polyhedron'),
(198, 'Шестигранна вишнево-біла свічка ручної роботи', 'Шестигранна вишнево-біла свічка ручної роботи', 'різьблена свічка ручної роботи У190, свічка Львів, свічка Самбір, свічка Дрогобич, свічка Добромиль, свічка Тручкавець', 'Різьблена свічка У190, виготовлена вручну з високоякісного харчового парафіну П-2 у студії Марії Герасимлюк. Червоний, зелений, жовтий, білий, фіолетовий, рожевий, синій, коричневий та інші кольори', 'У190', '300.00', 'Опис:\r\n- кольори: вишневий, червоний, білий;\r\n- висота: 20 см;\r\n- Матеріали: харчовий парафін П-2, стеарин, свічковий лак; \r\n- Оригінальна коробка (ціна коробки входить у вартість замовлення)\r\nМожливі інші кольори під замовлення', 1, 'У190.jpg', 198, '', ''),
(200, 'Велика восьмигранна різьблена свічка', 'Велика восьмигранна різьблена свічка', 'різьблена свічка ручної роботи У192, свічка Львів, свічка Самбір, свічка Дрогобич, свічка Добромиль, свічка Тручкавець', 'Різьблена свічка У192, виготовлена вручну з високоякісного харчового парафіну П-2 у студії Марії Герасимлюк. Червоний, зелений, жовтий, білий, фіолетовий, рожевий, синій, коричневий та інші кольори', 'У192', '295.00', 'Опис:\r\n- кольори: оранжевий, синій;\r\n- висота: 21 см;\r\n- Матеріали: харчовий парафін П-2, стеарин, свічковий лак; \r\n- Оригінальна коробка (ціна коробки входить у вартість замовлення)\r\nМожливі інші кольори під замовлення', 1, 'У192.jpg', 200, 'orange', 'polyhedron'),
(201, 'Шестигранна фіолетова свічка ручної роботи', 'Шестигранна фіолетова свічка ручної роботи', 'різьблена свічка ручної роботи У193, свічка Львів, свічка Самбір, свічка Дрогобич, свічка Добромиль, свічка Тручкавець', 'Різьблена свічка У193, виготовлена вручну з високоякісного харчового парафіну П-2 у студії Марії Герасимлюк. Червоний, зелений, жовтий, білий, фіолетовий, рожевий, синій, коричневий та інші кольори', 'У193', '300.00', 'Опис:\r\n- кольори: фіолетовий, рожевий, білий;\r\n- висота: 20 см;\r\n- Матеріали: харчовий парафін П-2, стеарин, свічковий лак; \r\n- Оригінальна коробка (ціна коробки входить у вартість замовлення)\r\nМожливі інші кольори під замовлення', 1, 'У193.jpg', 201, 'pink', 'polyhedron'),
(202, 'Червоно-зелена шестигранна художня свічка', 'Червоно-зелена шестигранна художня свічка', 'різьблена свічка ручної роботи У197, свічка Львів, свічка Самбір, свічка Дрогобич, свічка Добромиль, свічка Тручкавець', 'Різьблена свічка У197, виготовлена вручну з високоякісного харчового парафіну П-2 у студії Марії Герасимлюк. Червоний, зелений, жовтий, білий, фіолетовий, рожевий, синій, коричневий та інші кольори', 'У197', '300.00', 'Опис:\r\n- кольори: червоний, зелений, жовтий;\r\n- висота: 20 см;\r\n- Матеріали: харчовий парафін П-2, стеарин, свічковий лак; \r\n- Оригінальна коробка (ціна коробки входить у вартість замовлення)\r\nМожливі інші кольори під замовлення', 1, 'У197.jpg', 202, '', ''),
(205, 'Синьо-червона різьблена свічка', 'Синьо-червона різьблена свічка', 'різьблена свічка ручної роботи У201, свічка Львів, свічка Самбір, свічка Дрогобич, свічка Добромиль, свічка Тручкавець', 'Різьблена свічка У201, виготовлена вручну з високоякісного харчового парафіну П-2 у студії Марії Герасимлюк. Червоний, зелений, жовтий, білий, фіолетовий, рожевий, синій, коричневий та інші кольори', 'У201', '115.00', 'Опис:\r\n- кольори: синій, червоний, жовтий;\r\n- висота: 12 см;\r\n- Матеріали: харчовий парафін П-2, стеарин, свічковий лак; \r\n- Оригінальна коробка (ціна коробки входить у вартість замовлення)\r\nМожливі інші кольори під замовлення', 1, 'У201.jpg', 205, '', ''),
(207, 'Художня свічка темно-червоного кольору', 'Художня свічка темно-червоного кольору', 'різьблена свічка ручної роботи У204, свічка Львів, свічка Самбір, свічка Дрогобич, свічка Добромиль, свічка Тручкавець', 'Різьблена свічка У204, виготовлена вручну з високоякісного харчового парафіну П-2 у студії Марії Герасимлюк. Червоний, зелений, жовтий, білий, фіолетовий, рожевий, синій, коричневий та інші кольори', 'У204', '125.00', 'Опис:\r\n- кольори: вишневий, червоний, білий;\r\n- висота: 13 см;\r\n- Матеріали: харчовий парафін П-2, стеарин, свічковий лак; \r\n- Оригінальна коробка (ціна коробки входить у вартість замовлення)\r\nМожливі інші кольори під замовлення', 1, 'У204.jpg', 207, '', ''),
(215, 'Рожевий великий куб з розписом', 'Рожевий великий куб з розписом', 'рожевий великий куб з розписом У204, свічка Львів, свічка Самбір, свічка Дрогобич, свічка Добромиль, свічка Тручкавець', 'рожевий великий куб з розписом У204, свічка Львів, свічка Самбір, свічка Дрогобич, свічка Добромиль, свічка Тручкавець', 'Ф1', '120.00', 'Опис:\r\n- кольори: чорний, червоний, жовтий, зелений;\r\n- висота: 6 см;\r\n- Матеріали: харчовий парафін П-2, стеарин, свічковий лак, точковий розпис.\r\nМожливі інші кольори під замовлення', 1, 'Ф1.jpg', 215, 'pink', 'cube'),
(216, 'Рожевий малий куб з розписом', 'Рожевий малий куб з розписом', NULL, NULL, 'Ф2', '70.00', 'Опис:\r\n- кольори: чорний, синій, зелений, білий;\r\n- висота: 6 см;\r\n- Матеріали: харчовий парафін П-2, стеарин, свічковий лак, точковий розпис.\r\nМожливі інші кольори під замовлення', 1, 'Ф2.jpg', 216, 'pink', 'cube'),
(217, 'Піраміда з рожевим розписом ', NULL, NULL, NULL, 'Ф3', '125.00', 'Опис:\r\n- кольори: чорний, жовтий, синій, червоний, сірий, білий;\r\n- висота: 10 см;\r\n- Матеріали: харчовий парафін П-2, стеарин, свічковий лак, точковий розпис, намистини.\r\nМожливі інші кольори під замовлення', 1, 'Ф3.jpg', 217, 'pink', 'pyramid'),
(218, 'Конус з рожевим розписом ', NULL, NULL, NULL, 'Ф4', '125.00', 'Опис:\r\n- кольори: чорний, жовтий, червоний, сірий, білий;\r\n- висота: 10 см;\r\n- Матеріали: харчовий парафін П-2, стеарин, свічковий лак, точковий розпис, намистини.\r\nМожливі інші кольори під замовлення', 1, 'Ф4.jpg', 218, 'pink', 'cone'),
(221, 'Рожева мала куля з розписом', NULL, NULL, NULL, 'Ф5', '80.00', 'Опис:\r\n- кольори: зелений, білий, синій, червоний;\r\n- висота: 13 см;\r\n- Матеріали: харчовий парафін П-2, стеарин, свічковий лак, намистини, привітальна записка; \r\n- Оригінальна коробка (ціна коробки входить у вартість замовлення)\r\nМожливі інші кольори під замовлення', 1, 'Ф5.jpg', 221, 'pink', 'ball'),
(222, 'Рожева велика куля з розписом', NULL, NULL, NULL, 'Ф6', '125.00', 'Опис:\r\n- кольори: рожевий, фіолетовий, білий, синій;\r\n- висота: 13 см;\r\n- Матеріали: харчовий парафін П-2, стеарин, свічковий \r\nлак, намистини, привітальна записка; \r\n- Оригінальна коробка (ціна коробки входить у вартість замовлення)\r\nМожливі інші кольори під замовлення', 1, 'Ф6.jpg', 222, 'pink', 'ball'),
(223, 'Синя велика куля з розписом', NULL, NULL, NULL, 'Ф7', '125.00', NULL, 0, 'Ф7.jpg', NULL, 'blue', 'ball'),
(224, 'Синій конус з розписом', NULL, NULL, NULL, 'Ф8', '130.00', NULL, 0, 'Ф8.jpg', NULL, 'blue', 'cone'),
(225, 'Піраміда з синім розписом', NULL, NULL, NULL, 'Ф9', '140.00', NULL, 0, 'Ф9.jpg', NULL, 'blue', 'pyramid'),
(226, 'Синій малий куб з розписом', NULL, NULL, NULL, 'Ф10', '70.00', NULL, 0, 'Ф10.jpg', NULL, 'blue', 'cube'),
(227, 'Синій куб з різдвяним малюнком', NULL, NULL, NULL, 'Ф11', '100.00', NULL, 0, 'Ф11.jpg', NULL, 'blue', 'cube'),
(228, 'Синя піраміда з різдвяним малюнком', NULL, NULL, NULL, 'Ф13', '140.00', NULL, 0, 'Ф13.jpg', NULL, 'blue', 'pyramid'),
(229, 'Синій конус з різдвяним малюнком', NULL, NULL, NULL, 'Ф14', '90.00', NULL, 0, 'Ф14.jpg', NULL, 'blue', 'cone'),
(230, 'Синя куля з різдвяним малюнком', NULL, NULL, NULL, 'Ф15', '120.00', NULL, 0, 'Ф15.jpg', NULL, 'blue', 'ball'),
(234, 'Червоний конус з різдвяною тематикою', NULL, NULL, NULL, 'Ф17', '120.00', NULL, 0, 'Ф17.jpg', NULL, 'red', 'cone'),
(235, 'Червона піраміда з різдвяною тематикою', NULL, NULL, NULL, 'Ф18', '140.00', NULL, 0, 'Ф18.jpg', NULL, 'red', 'pyramid');

-- --------------------------------------------------------

--
-- Структура таблиці `typescandles`
--

CREATE TABLE `typescandles` (
  `id` int(11) UNSIGNED NOT NULL,
  `code` varchar(255) NOT NULL,
  `name` varchar(255) NOT NULL,
  `description` text NOT NULL,
  `image` varchar(255) NOT NULL
) ENGINE=MyISAM DEFAULT CHARSET=utf8;

--
-- Дамп даних таблиці `typescandles`
--

INSERT INTO `typescandles` (`id`, `code`, `name`, `description`, `image`) VALUES
(3, 'П1', 'Піраміда', 'pyramid', 'form_1.png'),
(4, 'К1', 'Конус', 'cone', 'form_2.png'),
(5, 'Р1', 'Куб', 'cube', 'form_3.png'),
(6, 'Р6', 'Куля', 'ball', 'form_4.png'),
(7, 'У274_2', 'Многогранник', 'polyhedron', 'form_5.png');

-- --------------------------------------------------------

--
-- Структура таблиці `users`
--

CREATE TABLE `users` (
  `id` int(11) NOT NULL,
  `name` varchar(255) NOT NULL,
  `surname` varchar(255) NOT NULL,
  `age` int(11) NOT NULL
) ENGINE=InnoDB DEFAULT CHARSET=utf8;

--
-- Дамп даних таблиці `users`
--

INSERT INTO `users` (`id`, `name`, `surname`, `age`) VALUES
(1, '1', '2', 3),
(2, '1', '2', 3),
(3, '3', '3', 3),
(4, '4', '4', 4),
(5, '5', '5', 5),
(6, '7', '7', 7),
(7, '8', '8', 8),
(8, 'Oleg', 'Kachmar', 21),
(9, '1', '2', 3);

--
-- Індекси збережених таблиць
--

--
-- Індекси таблиці `decor`
--
ALTER TABLE `decor`
  ADD PRIMARY KEY (`id`);

--
-- Індекси таблиці `order_item`
--
ALTER TABLE `order_item`
  ADD PRIMARY KEY (`id`);

--
-- Індекси таблиці `products`
--
ALTER TABLE `products`
  ADD PRIMARY KEY (`id`),
  ADD UNIQUE KEY `code` (`code`);

--
-- Індекси таблиці `typescandles`
--
ALTER TABLE `typescandles`
  ADD PRIMARY KEY (`id`);

--
-- Індекси таблиці `users`
--
ALTER TABLE `users`
  ADD PRIMARY KEY (`id`);

--
-- AUTO_INCREMENT для збережених таблиць
--

--
-- AUTO_INCREMENT для таблиці `decor`
--
ALTER TABLE `decor`
  MODIFY `id` int(11) NOT NULL AUTO_INCREMENT, AUTO_INCREMENT=246;

--
-- AUTO_INCREMENT для таблиці `order_item`
--
ALTER TABLE `order_item`
  MODIFY `id` int(11) NOT NULL AUTO_INCREMENT, AUTO_INCREMENT=30;

--
-- AUTO_INCREMENT для таблиці `products`
--
ALTER TABLE `products`
  MODIFY `id` int(10) UNSIGNED NOT NULL AUTO_INCREMENT, AUTO_INCREMENT=236;

--
-- AUTO_INCREMENT для таблиці `typescandles`
--
ALTER TABLE `typescandles`
  MODIFY `id` int(11) UNSIGNED NOT NULL AUTO_INCREMENT, AUTO_INCREMENT=9;

--
-- AUTO_INCREMENT для таблиці `users`
--
ALTER TABLE `users`
  MODIFY `id` int(11) NOT NULL AUTO_INCREMENT, AUTO_INCREMENT=10;
COMMIT;

/*!40101 SET CHARACTER_SET_CLIENT=@OLD_CHARACTER_SET_CLIENT */;
/*!40101 SET CHARACTER_SET_RESULTS=@OLD_CHARACTER_SET_RESULTS */;
/*!40101 SET COLLATION_CONNECTION=@OLD_COLLATION_CONNECTION */;
